{
  "base64": [
    {
      "name": "base64.Base64",
      "methods": [
        {
          "name": "base64.Base64.decode64",
          "parameterTypes": [],
          "returnType": "ANY",
          "baseTypeFullName": [
            "base64.Base64"
          ]
        },
        {
          "name": "base64.Base64.encode64",
          "parameterTypes": [],
          "returnType": "ANY",
          "baseTypeFullName": [
            "base64.Base64"
          ]
        },
        {
          "name": "base64.Base64.strict_decode64",
          "parameterTypes": [],
          "returnType": "ANY",
          "baseTypeFullName": [
            "base64.Base64"
          ]
        },
        {
          "name": "base64.Base64.strict_encode64",
          "parameterTypes": [],
          "returnType": "ANY",
          "baseTypeFullName": [
            "base64.Base64"
          ]
        },
        {
          "name": "base64.Base64.urlsafe_decode64",
          "parameterTypes": [],
          "returnType": "ANY",
          "baseTypeFullName": [
            "base64.Base64"
          ]
        },
        {
          "name": "base64.Base64.urlsafe_encode64",
          "parameterTypes": [],
          "returnType": "ANY",
          "baseTypeFullName": [
            "base64.Base64"
          ]
        }
      ],
      "fields": []
    }
  ]
}