{
  "coverage": [
    {
      "name": "coverage.Coverage",
      "methods": [
        {
          "name": "coverage.Coverage.line_stub",
          "parameterTypes": [],
          "returnType": "ANY",
          "baseTypeFullName": [
            "coverage.Coverage"
          ]
        },
        {
          "name": "coverage.Coverage.peek_result",
          "parameterTypes": [],
          "returnType": "ANY",
          "baseTypeFullName": [
            "coverage.Coverage"
          ]
        },
        {
          "name": "coverage.Coverage.result",
          "parameterTypes": [],
          "returnType": "ANY",
          "baseTypeFullName": [
            "coverage.Coverage"
          ]
        },
        {
          "name": "coverage.Coverage.resume",
          "parameterTypes": [],
          "returnType": "ANY",
          "baseTypeFullName": [
            "coverage.Coverage"
          ]
        },
        {
          "name": "coverage.Coverage.running",
          "parameterTypes": [],
          "returnType": "ANY",
          "baseTypeFullName": [
            "coverage.Coverage"
          ]
        },
        {
          "name": "coverage.Coverage.setup",
          "parameterTypes": [],
          "returnType": "ANY",
          "baseTypeFullName": [
            "coverage.Coverage"
          ]
        },
        {
          "name": "coverage.Coverage.start",
          "parameterTypes": [],
          "returnType": "ANY",
          "baseTypeFullName": [
            "coverage.Coverage"
          ]
        },
        {
          "name": "coverage.Coverage.state",
          "parameterTypes": [],
          "returnType": "ANY",
          "baseTypeFullName": [
            "coverage.Coverage"
          ]
        },
        {
          "name": "coverage.Coverage.supported",
          "parameterTypes": [],
          "returnType": "ANY",
          "baseTypeFullName": [
            "coverage.Coverage"
          ]
        },
        {
          "name": "coverage.Coverage.suspend",
          "parameterTypes": [],
          "returnType": "ANY",
          "baseTypeFullName": [
            "coverage.Coverage"
          ]
        }
      ],
      "fields": []
    }
  ]
}