{
  "did_you_mean": [
    {
      "name": "did_you_mean.DidYouMean",
      "methods": [
        {
          "name": "did_you_mean.DidYouMean.correct_error",
          "parameterTypes": [],
          "returnType": "ANY",
          "baseTypeFullName": [
            "did_you_mean.DidYouMean"
          ]
        },
        {
          "name": "did_you_mean.DidYouMean.formatter",
          "parameterTypes": [],
          "returnType": "ANY",
          "baseTypeFullName": [
            "did_you_mean.DidYouMean"
          ]
        },
        {
          "name": "did_you_mean.DidYouMean.spell_checkers",
          "parameterTypes": [],
          "returnType": "ANY",
          "baseTypeFullName": [
            "did_you_mean.DidYouMean"
          ]
        }
      ],
      "fields": []
    }
  ],
  "did_you_mean.DidYouMean": [
    {
      "name": "did_you_mean.DidYouMean.ClassNameChecker",
      "methods": [
        {
          "name": "did_you_mean.DidYouMean.ClassNameChecker.new",
          "parameterTypes": [],
          "returnType": "ANY",
          "baseTypeFullName": [
            "did_you_mean.DidYouMean.ClassNameChecker"
          ]
        },
        {
          "name": "did_you_mean.DidYouMean.ClassNameChecker.class_names",
          "parameterTypes": [],
          "returnType": "ANY",
          "baseTypeFullName": [
            "did_you_mean.DidYouMean.ClassNameChecker"
          ]
        },
        {
          "name": "did_you_mean.DidYouMean.ClassNameChecker.corrections",
          "parameterTypes": [],
          "returnType": "ANY",
          "baseTypeFullName": [
            "did_you_mean.DidYouMean.ClassNameChecker"
          ]
        },
        {
          "name": "did_you_mean.DidYouMean.ClassNameChecker.scopes",
          "parameterTypes": [],
          "returnType": "ANY",
          "baseTypeFullName": [
            "did_you_mean.DidYouMean.ClassNameChecker"
          ]
        }
      ],
      "fields": []
    },
    {
      "name": "did_you_mean.DidYouMean.Correctable",
      "methods": [
        {
          "name": "did_you_mean.DidYouMean.Correctable.corrections",
          "parameterTypes": [],
          "returnType": "ANY",
          "baseTypeFullName": [
            "did_you_mean.DidYouMean.Correctable"
          ]
        },
        {
          "name": "did_you_mean.DidYouMean.Correctable.detailed_message",
          "parameterTypes": [],
          "returnType": "ANY",
          "baseTypeFullName": [
            "did_you_mean.DidYouMean.Correctable"
          ]
        },
        {
          "name": "did_you_mean.DidYouMean.Correctable.original_message",
          "parameterTypes": [],
          "returnType": "ANY",
          "baseTypeFullName": [
            "did_you_mean.DidYouMean.Correctable"
          ]
        },
        {
          "name": "did_you_mean.DidYouMean.Correctable.spell_checker",
          "parameterTypes": [],
          "returnType": "ANY",
          "baseTypeFullName": [
            "did_you_mean.DidYouMean.Correctable"
          ]
        },
        {
          "name": "did_you_mean.DidYouMean.Correctable.to_s",
          "parameterTypes": [],
          "returnType": "ANY",
          "baseTypeFullName": [
            "did_you_mean.DidYouMean.Correctable"
          ]
        }
      ],
      "fields": []
    },
    {
      "name": "did_you_mean.DidYouMean.VerboseFormatter",
      "methods": [
        {
          "name": "did_you_mean.DidYouMean.VerboseFormatter.message_for",
          "parameterTypes": [],
          "returnType": "ANY",
          "baseTypeFullName": [
            "did_you_mean.DidYouMean.VerboseFormatter"
          ]
        }
      ],
      "fields": []
    },
    {
      "name": "did_you_mean.DidYouMean.Jaro",
      "methods": [
        {
          "name": "did_you_mean.DidYouMean.Jaro.distance",
          "parameterTypes": [],
          "returnType": "ANY",
          "baseTypeFullName": [
            "did_you_mean.DidYouMean.Jaro"
          ]
        }
      ],
      "fields": []
    },
    {
      "name": "did_you_mean.DidYouMean.JaroWinkler",
      "methods": [
        {
          "name": "did_you_mean.DidYouMean.JaroWinkler.distance",
          "parameterTypes": [],
          "returnType": "ANY",
          "baseTypeFullName": [
            "did_you_mean.DidYouMean.JaroWinkler"
          ]
        }
      ],
      "fields": []
    },
    {
      "name": "did_you_mean.DidYouMean.KeyErrorChecker",
      "methods": [
        {
          "name": "did_you_mean.DidYouMean.KeyErrorChecker.new",
          "parameterTypes": [],
          "returnType": "ANY",
          "baseTypeFullName": [
            "did_you_mean.DidYouMean.KeyErrorChecker"
          ]
        },
        {
          "name": "did_you_mean.DidYouMean.KeyErrorChecker.corrections",
          "parameterTypes": [],
          "returnType": "ANY",
          "baseTypeFullName": [
            "did_you_mean.DidYouMean.KeyErrorChecker"
          ]
        }
      ],
      "fields": []
    },
    {
      "name": "did_you_mean.DidYouMean.MethodNameChecker",
      "methods": [
        {
          "name": "did_you_mean.DidYouMean.MethodNameChecker.new",
          "parameterTypes": [],
          "returnType": "ANY",
          "baseTypeFullName": [
            "did_you_mean.DidYouMean.MethodNameChecker"
          ]
        },
        {
          "name": "did_you_mean.DidYouMean.MethodNameChecker.corrections",
          "parameterTypes": [],
          "returnType": "ANY",
          "baseTypeFullName": [
            "did_you_mean.DidYouMean.MethodNameChecker"
          ]
        },
        {
          "name": "did_you_mean.DidYouMean.MethodNameChecker.method_names",
          "parameterTypes": [],
          "returnType": "ANY",
          "baseTypeFullName": [
            "did_you_mean.DidYouMean.MethodNameChecker"
          ]
        },
        {
          "name": "did_you_mean.DidYouMean.MethodNameChecker.names_to_exclude",
          "parameterTypes": [],
          "returnType": "ANY",
          "baseTypeFullName": [
            "did_you_mean.DidYouMean.MethodNameChecker"
          ]
        }
      ],
      "fields": []
    },
    {
      "name": "did_you_mean.DidYouMean.NullChecker",
      "methods": [
        {
          "name": "did_you_mean.DidYouMean.NullChecker.new",
          "parameterTypes": [],
          "returnType": "ANY",
          "baseTypeFullName": [
            "did_you_mean.DidYouMean.NullChecker"
          ]
        },
        {
          "name": "did_you_mean.DidYouMean.NullChecker.corrections",
          "parameterTypes": [],
          "returnType": "ANY",
          "baseTypeFullName": [
            "did_you_mean.DidYouMean.NullChecker"
          ]
        }
      ],
      "fields": []
    },
    {
      "name": "did_you_mean.DidYouMean.PatternKeyNameChecker",
      "methods": [
        {
          "name": "did_you_mean.DidYouMean.PatternKeyNameChecker.new",
          "parameterTypes": [],
          "returnType": "ANY",
          "baseTypeFullName": [
            "did_you_mean.DidYouMean.PatternKeyNameChecker"
          ]
        },
        {
          "name": "did_you_mean.DidYouMean.PatternKeyNameChecker.corrections",
          "parameterTypes": [],
          "returnType": "ANY",
          "baseTypeFullName": [
            "did_you_mean.DidYouMean.PatternKeyNameChecker"
          ]
        }
      ],
      "fields": []
    },
    {
      "name": "did_you_mean.DidYouMean.VerboseFormatter",
      "methods": [
        {
          "name": "did_you_mean.DidYouMean.VerboseFormatter.message_for",
          "parameterTypes": [],
          "returnType": "ANY",
          "baseTypeFullName": [
            "did_you_mean.DidYouMean.VerboseFormatter"
          ]
        }
      ],
      "fields": []
    },
    {
      "name": "did_you_mean.DidYouMean.RequirePathChecker",
      "methods": [
        {
          "name": "did_you_mean.DidYouMean.RequirePathChecker.new",
          "parameterTypes": [],
          "returnType": "ANY",
          "baseTypeFullName": [
            "did_you_mean.DidYouMean.RequirePathChecker"
          ]
        },
        {
          "name": "did_you_mean.DidYouMean.RequirePathChecker.requireables",
          "parameterTypes": [],
          "returnType": "ANY",
          "baseTypeFullName": [
            "did_you_mean.DidYouMean.RequirePathChecker"
          ]
        },
        {
          "name": "did_you_mean.DidYouMean.RequirePathChecker.corrections",
          "parameterTypes": [],
          "returnType": "ANY",
          "baseTypeFullName": [
            "did_you_mean.DidYouMean.RequirePathChecker"
          ]
        }
      ],
      "fields": []
    },
    {
      "name": "did_you_mean.DidYouMean.SpellChecker",
      "methods": [
        {
          "name": "did_you_mean.DidYouMean.SpellChecker.new",
          "parameterTypes": [],
          "returnType": "ANY",
          "baseTypeFullName": [
            "did_you_mean.DidYouMean.SpellChecker"
          ]
        },
        {
          "name": "did_you_mean.DidYouMean.SpellChecker.correct",
          "parameterTypes": [],
          "returnType": "ANY",
          "baseTypeFullName": [
            "did_you_mean.DidYouMean.SpellChecker"
          ]
        }
      ],
      "fields": []
    },
    {
      "name": "did_you_mean.DidYouMean.TreeSpellChecker",
      "methods": [
        {
          "name": "did_you_mean.DidYouMean.TreeSpellChecker.new",
          "parameterTypes": [],
          "returnType": "ANY",
          "baseTypeFullName": [
            "did_you_mean.DidYouMean.TreeSpellChecker"
          ]
        },
        {
          "name": "did_you_mean.DidYouMean.TreeSpellChecker.correct",
          "parameterTypes": [],
          "returnType": "ANY",
          "baseTypeFullName": [
            "did_you_mean.DidYouMean.TreeSpellChecker"
          ]
        },
        {
          "name": "did_you_mean.DidYouMean.TreeSpellChecker.dictionary_without_leaves",
          "parameterTypes": [],
          "returnType": "ANY",
          "baseTypeFullName": [
            "did_you_mean.DidYouMean.TreeSpellChecker"
          ]
        },
        {
          "name": "did_you_mean.DidYouMean.TreeSpellChecker.dimensions",
          "parameterTypes": [],
          "returnType": "ANY",
          "baseTypeFullName": [
            "did_you_mean.DidYouMean.TreeSpellChecker"
          ]
        },
        {
          "name": "did_you_mean.DidYouMean.TreeSpellChecker.find_leaves",
          "parameterTypes": [],
          "returnType": "ANY",
          "baseTypeFullName": [
            "did_you_mean.DidYouMean.TreeSpellChecker"
          ]
        },
        {
          "name": "did_you_mean.DidYouMean.TreeSpellChecker.plausible_dimensions",
          "parameterTypes": [],
          "returnType": "ANY",
          "baseTypeFullName": [
            "did_you_mean.DidYouMean.TreeSpellChecker"
          ]
        },
        {
          "name": "did_you_mean.DidYouMean.TreeSpellChecker.possible_paths",
          "parameterTypes": [],
          "returnType": "ANY",
          "baseTypeFullName": [
            "did_you_mean.DidYouMean.TreeSpellChecker"
          ]
        },
        {
          "name": "did_you_mean.DidYouMean.TreeSpellChecker.tree_depth",
          "parameterTypes": [],
          "returnType": "ANY",
          "baseTypeFullName": [
            "did_you_mean.DidYouMean.TreeSpellChecker"
          ]
        }
      ],
      "fields": []
    },
    {
      "name": "did_you_mean.DidYouMean.VariableNameChecker",
      "methods": [
        {
          "name": "did_you_mean.DidYouMean.VariableNameChecker.new",
          "parameterTypes": [],
          "returnType": "ANY",
          "baseTypeFullName": [
            "did_you_mean.DidYouMean.VariableNameChecker"
          ]
        },
        {
          "name": "did_you_mean.DidYouMean.VariableNameChecker.corrections",
          "parameterTypes": [],
          "returnType": "ANY",
          "baseTypeFullName": [
            "did_you_mean.DidYouMean.VariableNameChecker"
          ]
        }
      ],
      "fields": []
    },
    {
      "name": "did_you_mean.DidYouMean.VerboseFormatter",
      "methods": [
        {
          "name": "did_you_mean.DidYouMean.VerboseFormatter.message_for",
          "parameterTypes": [],
          "returnType": "ANY",
          "baseTypeFullName": [
            "did_you_mean.DidYouMean.VerboseFormatter"
          ]
        }
      ],
      "fields": []
    }
  ],
  "did_you_mean.DidYouMean.ClassNameChecker": [
    {
      "name": "did_you_mean.DidYouMean.ClassNameChecker.ClassName",
      "methods": [
        {
          "name": "did_you_mean.DidYouMean.ClassNameChecker.ClassName.new",
          "parameterTypes": [],
          "returnType": "ANY",
          "baseTypeFullName": [
            "did_you_mean.DidYouMean.ClassNameChecker.ClassName"
          ]
        },
        {
          "name": "did_you_mean.DidYouMean.ClassNameChecker.ClassName.full_name",
          "parameterTypes": [],
          "returnType": "ANY",
          "baseTypeFullName": [
            "did_you_mean.DidYouMean.ClassNameChecker.ClassName"
          ]
        }
      ],
      "fields": []
    }
  ]
}