{
  "erb.ERB": [
    {
      "name": "erb.ERB.Escape",
      "methods": [
        {
          "name": "erb.ERB.Escape.html_escape",
          "parameterTypes": [],
          "returnType": "ANY",
          "baseTypeFullName": [
            "erb.ERB.Escape"
          ]
        }
      ],
      "fields": []
    },
    {
      "name": "erb.ERB.DefMethod",
      "methods": [
        {
          "name": "erb.ERB.DefMethod.def_erb_method",
          "parameterTypes": [],
          "returnType": "ANY",
          "baseTypeFullName": [
            "erb.ERB.DefMethod"
          ]
        }
      ],
      "fields": []
    },
    {
      "name": "erb.ERB.Escape",
      "methods": [
        {
          "name": "erb.ERB.Escape.html_escape",
          "parameterTypes": [],
          "returnType": "ANY",
          "baseTypeFullName": [
            "erb.ERB.Escape"
          ]
        }
      ],
      "fields": []
    },
    {
      "name": "erb.ERB.Util",
      "methods": [
        {
          "name": "erb.ERB.Util.u",
          "parameterTypes": [],
          "returnType": "ANY",
          "baseTypeFullName": [
            "erb.ERB.Util"
          ]
        },
        {
          "name": "erb.ERB.Util.url_encode",
          "parameterTypes": [],
          "returnType": "ANY",
          "baseTypeFullName": [
            "erb.ERB.Util"
          ]
        }
      ],
      "fields": []
    }
  ],
  "erb": [
    {
      "name": "erb.CGI",
      "methods": [],
      "fields": []
    },
    {
      "name": "erb.ERB",
      "methods": [],
      "fields": []
    },
    {
      "name": "erb.ERB",
      "methods": [
        {
          "name": "erb.ERB.new",
          "parameterTypes": [],
          "returnType": "ANY",
          "baseTypeFullName": [
            "erb.ERB"
          ]
        },
        {
          "name": "erb.ERB.version",
          "parameterTypes": [],
          "returnType": "ANY",
          "baseTypeFullName": [
            "erb.ERB"
          ]
        },
        {
          "name": "erb.ERB.def_class",
          "parameterTypes": [],
          "returnType": "ANY",
          "baseTypeFullName": [
            "erb.ERB"
          ]
        },
        {
          "name": "erb.ERB.def_method",
          "parameterTypes": [],
          "returnType": "ANY",
          "baseTypeFullName": [
            "erb.ERB"
          ]
        },
        {
          "name": "erb.ERB.def_module",
          "parameterTypes": [],
          "returnType": "ANY",
          "baseTypeFullName": [
            "erb.ERB"
          ]
        },
        {
          "name": "erb.ERB.location",
          "parameterTypes": [],
          "returnType": "ANY",
          "baseTypeFullName": [
            "erb.ERB"
          ]
        },
        {
          "name": "erb.ERB.make_compiler",
          "parameterTypes": [],
          "returnType": "ANY",
          "baseTypeFullName": [
            "erb.ERB"
          ]
        },
        {
          "name": "erb.ERB.result",
          "parameterTypes": [],
          "returnType": "ANY",
          "baseTypeFullName": [
            "erb.ERB"
          ]
        },
        {
          "name": "erb.ERB.result_with_hash",
          "parameterTypes": [],
          "returnType": "ANY",
          "baseTypeFullName": [
            "erb.ERB"
          ]
        },
        {
          "name": "erb.ERB.run",
          "parameterTypes": [],
          "returnType": "ANY",
          "baseTypeFullName": [
            "erb.ERB"
          ]
        },
        {
          "name": "erb.ERB.set_eoutvar",
          "parameterTypes": [],
          "returnType": "ANY",
          "baseTypeFullName": [
            "erb.ERB"
          ]
        }
      ],
      "fields": []
    }
  ]
}