{
  "error_highlight.ErrorHighlight.Spotter": [
    {
      "name": "error_highlight.ErrorHighlight.Spotter.NonAscii",
      "methods": [],
      "fields": []
    }
  ],
  "error_highlight.ErrorHighlight": [
    {
      "name": "error_highlight.ErrorHighlight.CoreExt",
      "methods": [
        {
          "name": "error_highlight.ErrorHighlight.CoreExt.detailed_message",
          "parameterTypes": [],
          "returnType": "ANY",
          "baseTypeFullName": [
            "error_highlight.ErrorHighlight.CoreExt"
          ]
        },
        {
          "name": "error_highlight.ErrorHighlight.CoreExt.to_s",
          "parameterTypes": [],
          "returnType": "ANY",
          "baseTypeFullName": [
            "error_highlight.ErrorHighlight.CoreExt"
          ]
        }
      ],
      "fields": []
    },
    {
      "name": "error_highlight.ErrorHighlight.DefaultFormatter",
      "methods": [
        {
          "name": "error_highlight.ErrorHighlight.DefaultFormatter.message_for",
          "parameterTypes": [],
          "returnType": "ANY",
          "baseTypeFullName": [
            "error_highlight.ErrorHighlight.DefaultFormatter"
          ]
        }
      ],
      "fields": []
    },
    {
      "name": "error_highlight.ErrorHighlight.Spotter",
      "methods": [
        {
          "name": "error_highlight.ErrorHighlight.Spotter.new",
          "parameterTypes": [],
          "returnType": "ANY",
          "baseTypeFullName": [
            "error_highlight.ErrorHighlight.Spotter"
          ]
        },
        {
          "name": "error_highlight.ErrorHighlight.Spotter.spot",
          "parameterTypes": [],
          "returnType": "ANY",
          "baseTypeFullName": [
            "error_highlight.ErrorHighlight.Spotter"
          ]
        }
      ],
      "fields": []
    }
  ],
  "error_highlight": [
    {
      "name": "error_highlight.ErrorHighlight",
      "methods": [
        {
          "name": "error_highlight.ErrorHighlight.formatter",
          "parameterTypes": [],
          "returnType": "ANY",
          "baseTypeFullName": [
            "error_highlight.ErrorHighlight"
          ]
        },
        {
          "name": "error_highlight.ErrorHighlight.spot",
          "parameterTypes": [],
          "returnType": "ANY",
          "baseTypeFullName": [
            "error_highlight.ErrorHighlight"
          ]
        }
      ],
      "fields": []
    }
  ]
}