{
  "getoptlong.GetoptLong": [
    {
      "name": "getoptlong.GetoptLong.AmbiguousOption",
      "methods": [],
      "fields": []
    },
    {
      "name": "getoptlong.GetoptLong.Error",
      "methods": [],
      "fields": []
    },
    {
      "name": "getoptlong.GetoptLong.InvalidOption",
      "methods": [],
      "fields": []
    },
    {
      "name": "getoptlong.GetoptLong.MissingArgument",
      "methods": [],
      "fields": []
    },
    {
      "name": "getoptlong.GetoptLong.NeedlessArgument",
      "methods": [],
      "fields": []
    }
  ],
  "getoptlong": [
    {
      "name": "getoptlong.GetoptLong",
      "methods": [
        {
          "name": "getoptlong.GetoptLong.new",
          "parameterTypes": [],
          "returnType": "ANY",
          "baseTypeFullName": [
            "getoptlong.GetoptLong"
          ]
        },
        {
          "name": "getoptlong.GetoptLong.each",
          "parameterTypes": [],
          "returnType": "ANY",
          "baseTypeFullName": [
            "getoptlong.GetoptLong"
          ]
        },
        {
          "name": "getoptlong.GetoptLong.each_option",
          "parameterTypes": [],
          "returnType": "ANY",
          "baseTypeFullName": [
            "getoptlong.GetoptLong"
          ]
        },
        {
          "name": "getoptlong.GetoptLong.error_message",
          "parameterTypes": [],
          "returnType": "ANY",
          "baseTypeFullName": [
            "getoptlong.GetoptLong"
          ]
        },
        {
          "name": "getoptlong.GetoptLong.get",
          "parameterTypes": [],
          "returnType": "ANY",
          "baseTypeFullName": [
            "getoptlong.GetoptLong"
          ]
        },
        {
          "name": "getoptlong.GetoptLong.get_option",
          "parameterTypes": [],
          "returnType": "ANY",
          "baseTypeFullName": [
            "getoptlong.GetoptLong"
          ]
        },
        {
          "name": "getoptlong.GetoptLong.ordering",
          "parameterTypes": [],
          "returnType": "ANY",
          "baseTypeFullName": [
            "getoptlong.GetoptLong"
          ]
        },
        {
          "name": "getoptlong.GetoptLong.set_options",
          "parameterTypes": [],
          "returnType": "ANY",
          "baseTypeFullName": [
            "getoptlong.GetoptLong"
          ]
        },
        {
          "name": "getoptlong.GetoptLong.terminate",
          "parameterTypes": [],
          "returnType": "ANY",
          "baseTypeFullName": [
            "getoptlong.GetoptLong"
          ]
        },
        {
          "name": "getoptlong.GetoptLong.terminated",
          "parameterTypes": [],
          "returnType": "ANY",
          "baseTypeFullName": [
            "getoptlong.GetoptLong"
          ]
        }
      ],
      "fields": []
    }
  ]
}