{
  "irb.IRB.Color": [
    {
      "name": "irb.IRB.Color.SymbolState",
      "methods": [
        {
          "name": "irb.IRB.Color.SymbolState.new",
          "parameterTypes": [],
          "returnType": "ANY",
          "baseTypeFullName": [
            "irb.IRB.Color.SymbolState"
          ]
        },
        {
          "name": "irb.IRB.Color.SymbolState.scan_token",
          "parameterTypes": [],
          "returnType": "ANY",
          "baseTypeFullName": [
            "irb.IRB.Color.SymbolState"
          ]
        }
      ],
      "fields": []
    }
  ],
  "irb.IRB.OutputMethod": [
    {
      "name": "irb.IRB.OutputMethod.NotImplementedError",
      "methods": [
        {
          "name": "irb.IRB.OutputMethod.NotImplementedError.new",
          "parameterTypes": [],
          "returnType": "ANY",
          "baseTypeFullName": [
            "irb.IRB.OutputMethod.NotImplementedError"
          ]
        }
      ],
      "fields": []
    }
  ],
  "irb.XMP": [
    {
      "name": "irb.XMP.StringInputMethod",
      "methods": [
        {
          "name": "irb.XMP.StringInputMethod.new",
          "parameterTypes": [],
          "returnType": "ANY",
          "baseTypeFullName": [
            "irb.XMP.StringInputMethod"
          ]
        },
        {
          "name": "irb.XMP.StringInputMethod.eof",
          "parameterTypes": [],
          "returnType": "ANY",
          "baseTypeFullName": [
            "irb.XMP.StringInputMethod"
          ]
        },
        {
          "name": "irb.XMP.StringInputMethod.gets",
          "parameterTypes": [],
          "returnType": "ANY",
          "baseTypeFullName": [
            "irb.XMP.StringInputMethod"
          ]
        },
        {
          "name": "irb.XMP.StringInputMethod.puts",
          "parameterTypes": [],
          "returnType": "ANY",
          "baseTypeFullName": [
            "irb.XMP.StringInputMethod"
          ]
        }
      ],
      "fields": []
    }
  ],
  "irb.IRB.Frame": [
    {
      "name": "irb.IRB.Frame.FrameOverflow",
      "methods": [
        {
          "name": "irb.IRB.Frame.FrameOverflow.new",
          "parameterTypes": [],
          "returnType": "ANY",
          "baseTypeFullName": [
            "irb.IRB.Frame.FrameOverflow"
          ]
        }
      ],
      "fields": []
    },
    {
      "name": "irb.IRB.Frame.FrameUnderflow",
      "methods": [
        {
          "name": "irb.IRB.Frame.FrameUnderflow.new",
          "parameterTypes": [],
          "returnType": "ANY",
          "baseTypeFullName": [
            "irb.IRB.Frame.FrameUnderflow"
          ]
        }
      ],
      "fields": []
    }
  ],
  "irb.IRB": [
    {
      "name": "irb.IRB.Abort",
      "methods": [],
      "fields": []
    },
    {
      "name": "irb.IRB.Canvas",
      "methods": [
        {
          "name": "irb.IRB.Canvas.new",
          "parameterTypes": [],
          "returnType": "ANY",
          "baseTypeFullName": [
            "irb.IRB.Canvas"
          ]
        },
        {
          "name": "irb.IRB.Canvas.draw",
          "parameterTypes": [],
          "returnType": "ANY",
          "baseTypeFullName": [
            "irb.IRB.Canvas"
          ]
        },
        {
          "name": "irb.IRB.Canvas.line",
          "parameterTypes": [],
          "returnType": "ANY",
          "baseTypeFullName": [
            "irb.IRB.Canvas"
          ]
        }
      ],
      "fields": []
    },
    {
      "name": "irb.IRB.Color",
      "methods": [
        {
          "name": "irb.IRB.Color.clear",
          "parameterTypes": [],
          "returnType": "ANY",
          "baseTypeFullName": [
            "irb.IRB.Color"
          ]
        },
        {
          "name": "irb.IRB.Color.colorable",
          "parameterTypes": [],
          "returnType": "ANY",
          "baseTypeFullName": [
            "irb.IRB.Color"
          ]
        },
        {
          "name": "irb.IRB.Color.colorize",
          "parameterTypes": [],
          "returnType": "ANY",
          "baseTypeFullName": [
            "irb.IRB.Color"
          ]
        },
        {
          "name": "irb.IRB.Color.colorize_code",
          "parameterTypes": [],
          "returnType": "ANY",
          "baseTypeFullName": [
            "irb.IRB.Color"
          ]
        },
        {
          "name": "irb.IRB.Color.inspect_colorable",
          "parameterTypes": [],
          "returnType": "ANY",
          "baseTypeFullName": [
            "irb.IRB.Color"
          ]
        }
      ],
      "fields": []
    },
    {
      "name": "irb.IRB.ColorPrinter",
      "methods": [
        {
          "name": "irb.IRB.ColorPrinter.pp",
          "parameterTypes": [],
          "returnType": "ANY",
          "baseTypeFullName": [
            "irb.IRB.ColorPrinter"
          ]
        },
        {
          "name": "irb.IRB.ColorPrinter.text",
          "parameterTypes": [],
          "returnType": "ANY",
          "baseTypeFullName": [
            "irb.IRB.ColorPrinter"
          ]
        }
      ],
      "fields": []
    },
    {
      "name": "irb.IRB.Context",
      "methods": [
        {
          "name": "irb.IRB.Context.new",
          "parameterTypes": [],
          "returnType": "ANY",
          "baseTypeFullName": [
            "irb.IRB.Context"
          ]
        },
        {
          "name": "irb.IRB.Context.__exit__",
          "parameterTypes": [],
          "returnType": "ANY",
          "baseTypeFullName": [
            "irb.IRB.Context"
          ]
        },
        {
          "name": "irb.IRB.Context._set_last_value",
          "parameterTypes": [],
          "returnType": "ANY",
          "baseTypeFullName": [
            "irb.IRB.Context"
          ]
        },
        {
          "name": "irb.IRB.Context.change_workspace",
          "parameterTypes": [],
          "returnType": "ANY",
          "baseTypeFullName": [
            "irb.IRB.Context"
          ]
        },
        {
          "name": "irb.IRB.Context.eval_history",
          "parameterTypes": [],
          "returnType": "ANY",
          "baseTypeFullName": [
            "irb.IRB.Context"
          ]
        },
        {
          "name": "irb.IRB.Context.exit",
          "parameterTypes": [],
          "returnType": "ANY",
          "baseTypeFullName": [
            "irb.IRB.Context"
          ]
        },
        {
          "name": "irb.IRB.Context.file_input",
          "parameterTypes": [],
          "returnType": "ANY",
          "baseTypeFullName": [
            "irb.IRB.Context"
          ]
        },
        {
          "name": "irb.IRB.Context.history_file",
          "parameterTypes": [],
          "returnType": "ANY",
          "baseTypeFullName": [
            "irb.IRB.Context"
          ]
        },
        {
          "name": "irb.IRB.Context.home_workspace",
          "parameterTypes": [],
          "returnType": "ANY",
          "baseTypeFullName": [
            "irb.IRB.Context"
          ]
        },
        {
          "name": "irb.IRB.Context.inspect",
          "parameterTypes": [],
          "returnType": "ANY",
          "baseTypeFullName": [
            "irb.IRB.Context"
          ]
        },
        {
          "name": "irb.IRB.Context.inspect_mode",
          "parameterTypes": [],
          "returnType": "ANY",
          "baseTypeFullName": [
            "irb.IRB.Context"
          ]
        },
        {
          "name": "irb.IRB.Context.irb_level",
          "parameterTypes": [],
          "returnType": "ANY",
          "baseTypeFullName": [
            "irb.IRB.Context"
          ]
        },
        {
          "name": "irb.IRB.Context.main",
          "parameterTypes": [],
          "returnType": "ANY",
          "baseTypeFullName": [
            "irb.IRB.Context"
          ]
        },
        {
          "name": "irb.IRB.Context.pop_workspace",
          "parameterTypes": [],
          "returnType": "ANY",
          "baseTypeFullName": [
            "irb.IRB.Context"
          ]
        },
        {
          "name": "irb.IRB.Context.prompt_mode",
          "parameterTypes": [],
          "returnType": "ANY",
          "baseTypeFullName": [
            "irb.IRB.Context"
          ]
        },
        {
          "name": "irb.IRB.Context.prompt_n",
          "parameterTypes": [],
          "returnType": "ANY",
          "baseTypeFullName": [
            "irb.IRB.Context"
          ]
        },
        {
          "name": "irb.IRB.Context.prompting",
          "parameterTypes": [],
          "returnType": "ANY",
          "baseTypeFullName": [
            "irb.IRB.Context"
          ]
        },
        {
          "name": "irb.IRB.Context.push_workspace",
          "parameterTypes": [],
          "returnType": "ANY",
          "baseTypeFullName": [
            "irb.IRB.Context"
          ]
        },
        {
          "name": "irb.IRB.Context.save_history",
          "parameterTypes": [],
          "returnType": "ANY",
          "baseTypeFullName": [
            "irb.IRB.Context"
          ]
        },
        {
          "name": "irb.IRB.Context.set_last_value",
          "parameterTypes": [],
          "returnType": "ANY",
          "baseTypeFullName": [
            "irb.IRB.Context"
          ]
        },
        {
          "name": "irb.IRB.Context.symbol_alias",
          "parameterTypes": [],
          "returnType": "ANY",
          "baseTypeFullName": [
            "irb.IRB.Context"
          ]
        },
        {
          "name": "irb.IRB.Context.transform_args",
          "parameterTypes": [],
          "returnType": "ANY",
          "baseTypeFullName": [
            "irb.IRB.Context"
          ]
        },
        {
          "name": "irb.IRB.Context.use_loader",
          "parameterTypes": [],
          "returnType": "ANY",
          "baseTypeFullName": [
            "irb.IRB.Context"
          ]
        },
        {
          "name": "irb.IRB.Context.use_tracer",
          "parameterTypes": [],
          "returnType": "ANY",
          "baseTypeFullName": [
            "irb.IRB.Context"
          ]
        },
        {
          "name": "irb.IRB.Context.verbose",
          "parameterTypes": [],
          "returnType": "ANY",
          "baseTypeFullName": [
            "irb.IRB.Context"
          ]
        },
        {
          "name": "irb.IRB.Context.workspaces",
          "parameterTypes": [],
          "returnType": "ANY",
          "baseTypeFullName": [
            "irb.IRB.Context"
          ]
        }
      ],
      "fields": []
    },
    {
      "name": "irb.IRB.ContextExtender",
      "methods": [
        {
          "name": "irb.IRB.ContextExtender.def_extend_command",
          "parameterTypes": [],
          "returnType": "ANY",
          "baseTypeFullName": [
            "irb.IRB.ContextExtender"
          ]
        },
        {
          "name": "irb.IRB.ContextExtender.install_extend_commands",
          "parameterTypes": [],
          "returnType": "ANY",
          "baseTypeFullName": [
            "irb.IRB.ContextExtender"
          ]
        }
      ],
      "fields": []
    },
    {
      "name": "irb.IRB.Debug",
      "methods": [
        {
          "name": "irb.IRB.Debug.insert_debug_break",
          "parameterTypes": [],
          "returnType": "ANY",
          "baseTypeFullName": [
            "irb.IRB.Debug"
          ]
        },
        {
          "name": "irb.IRB.Debug.setup",
          "parameterTypes": [],
          "returnType": "ANY",
          "baseTypeFullName": [
            "irb.IRB.Debug"
          ]
        }
      ],
      "fields": []
    },
    {
      "name": "irb.IRB.EvalHistory",
      "methods": [
        {
          "name": "irb.IRB.EvalHistory.[]",
          "parameterTypes": [],
          "returnType": "ANY",
          "baseTypeFullName": [
            "irb.IRB.EvalHistory"
          ]
        }
      ],
      "fields": []
    },
    {
      "name": "irb.IRB.ExtendCommandBundle",
      "methods": [
        {
          "name": "irb.IRB.ExtendCommandBundle.all_commands_info",
          "parameterTypes": [],
          "returnType": "ANY",
          "baseTypeFullName": [
            "irb.IRB.ExtendCommandBundle"
          ]
        },
        {
          "name": "irb.IRB.ExtendCommandBundle.def_extend_command",
          "parameterTypes": [],
          "returnType": "ANY",
          "baseTypeFullName": [
            "irb.IRB.ExtendCommandBundle"
          ]
        },
        {
          "name": "irb.IRB.ExtendCommandBundle.extend_object",
          "parameterTypes": [],
          "returnType": "ANY",
          "baseTypeFullName": [
            "irb.IRB.ExtendCommandBundle"
          ]
        },
        {
          "name": "irb.IRB.ExtendCommandBundle.install_extend_commands",
          "parameterTypes": [],
          "returnType": "ANY",
          "baseTypeFullName": [
            "irb.IRB.ExtendCommandBundle"
          ]
        },
        {
          "name": "irb.IRB.ExtendCommandBundle.load_command",
          "parameterTypes": [],
          "returnType": "ANY",
          "baseTypeFullName": [
            "irb.IRB.ExtendCommandBundle"
          ]
        },
        {
          "name": "irb.IRB.ExtendCommandBundle.install_alias_method",
          "parameterTypes": [],
          "returnType": "ANY",
          "baseTypeFullName": [
            "irb.IRB.ExtendCommandBundle"
          ]
        },
        {
          "name": "irb.IRB.ExtendCommandBundle.irb_context",
          "parameterTypes": [],
          "returnType": "ANY",
          "baseTypeFullName": [
            "irb.IRB.ExtendCommandBundle"
          ]
        },
        {
          "name": "irb.IRB.ExtendCommandBundle.irb_exit",
          "parameterTypes": [],
          "returnType": "ANY",
          "baseTypeFullName": [
            "irb.IRB.ExtendCommandBundle"
          ]
        },
        {
          "name": "irb.IRB.ExtendCommandBundle.irb_load",
          "parameterTypes": [],
          "returnType": "ANY",
          "baseTypeFullName": [
            "irb.IRB.ExtendCommandBundle"
          ]
        },
        {
          "name": "irb.IRB.ExtendCommandBundle.irb_require",
          "parameterTypes": [],
          "returnType": "ANY",
          "baseTypeFullName": [
            "irb.IRB.ExtendCommandBundle"
          ]
        }
      ],
      "fields": []
    },
    {
      "name": "irb.IRB.FileInputMethod",
      "methods": [
        {
          "name": "irb.IRB.FileInputMethod.new",
          "parameterTypes": [],
          "returnType": "ANY",
          "baseTypeFullName": [
            "irb.IRB.FileInputMethod"
          ]
        },
        {
          "name": "irb.IRB.FileInputMethod.open",
          "parameterTypes": [],
          "returnType": "ANY",
          "baseTypeFullName": [
            "irb.IRB.FileInputMethod"
          ]
        },
        {
          "name": "irb.IRB.FileInputMethod.close",
          "parameterTypes": [],
          "returnType": "ANY",
          "baseTypeFullName": [
            "irb.IRB.FileInputMethod"
          ]
        },
        {
          "name": "irb.IRB.FileInputMethod.encoding",
          "parameterTypes": [],
          "returnType": "ANY",
          "baseTypeFullName": [
            "irb.IRB.FileInputMethod"
          ]
        },
        {
          "name": "irb.IRB.FileInputMethod.eof",
          "parameterTypes": [],
          "returnType": "ANY",
          "baseTypeFullName": [
            "irb.IRB.FileInputMethod"
          ]
        },
        {
          "name": "irb.IRB.FileInputMethod.gets",
          "parameterTypes": [],
          "returnType": "ANY",
          "baseTypeFullName": [
            "irb.IRB.FileInputMethod"
          ]
        },
        {
          "name": "irb.IRB.FileInputMethod.inspect",
          "parameterTypes": [],
          "returnType": "ANY",
          "baseTypeFullName": [
            "irb.IRB.FileInputMethod"
          ]
        }
      ],
      "fields": []
    },
    {
      "name": "irb.IRB.Frame",
      "methods": [
        {
          "name": "irb.IRB.Frame.bottom",
          "parameterTypes": [],
          "returnType": "ANY",
          "baseTypeFullName": [
            "irb.IRB.Frame"
          ]
        },
        {
          "name": "irb.IRB.Frame.new",
          "parameterTypes": [],
          "returnType": "ANY",
          "baseTypeFullName": [
            "irb.IRB.Frame"
          ]
        },
        {
          "name": "irb.IRB.Frame.sender",
          "parameterTypes": [],
          "returnType": "ANY",
          "baseTypeFullName": [
            "irb.IRB.Frame"
          ]
        },
        {
          "name": "irb.IRB.Frame.top",
          "parameterTypes": [],
          "returnType": "ANY",
          "baseTypeFullName": [
            "irb.IRB.Frame"
          ]
        },
        {
          "name": "irb.IRB.Frame.trace_func",
          "parameterTypes": [],
          "returnType": "ANY",
          "baseTypeFullName": [
            "irb.IRB.Frame"
          ]
        }
      ],
      "fields": []
    },
    {
      "name": "irb.IRB.InputCompletor",
      "methods": [
        {
          "name": "irb.IRB.InputCompletor.retrieve_completion_data",
          "parameterTypes": [],
          "returnType": "ANY",
          "baseTypeFullName": [
            "irb.IRB.InputCompletor"
          ]
        }
      ],
      "fields": []
    },
    {
      "name": "irb.IRB.InputMethod",
      "methods": [
        {
          "name": "irb.IRB.InputMethod.gets",
          "parameterTypes": [],
          "returnType": "ANY",
          "baseTypeFullName": [
            "irb.IRB.InputMethod"
          ]
        },
        {
          "name": "irb.IRB.InputMethod.inspect",
          "parameterTypes": [],
          "returnType": "ANY",
          "baseTypeFullName": [
            "irb.IRB.InputMethod"
          ]
        },
        {
          "name": "irb.IRB.InputMethod.readable_after_eof",
          "parameterTypes": [],
          "returnType": "ANY",
          "baseTypeFullName": [
            "irb.IRB.InputMethod"
          ]
        },
        {
          "name": "irb.IRB.InputMethod.support_history_saving",
          "parameterTypes": [],
          "returnType": "ANY",
          "baseTypeFullName": [
            "irb.IRB.InputMethod"
          ]
        },
        {
          "name": "irb.IRB.InputMethod.winsize",
          "parameterTypes": [],
          "returnType": "ANY",
          "baseTypeFullName": [
            "irb.IRB.InputMethod"
          ]
        }
      ],
      "fields": []
    },
    {
      "name": "irb.IRB.Inspector",
      "methods": [
        {
          "name": "irb.IRB.Inspector.def_inspector",
          "parameterTypes": [],
          "returnType": "ANY",
          "baseTypeFullName": [
            "irb.IRB.Inspector"
          ]
        },
        {
          "name": "irb.IRB.Inspector.keys_with_inspector",
          "parameterTypes": [],
          "returnType": "ANY",
          "baseTypeFullName": [
            "irb.IRB.Inspector"
          ]
        },
        {
          "name": "irb.IRB.Inspector.new",
          "parameterTypes": [],
          "returnType": "ANY",
          "baseTypeFullName": [
            "irb.IRB.Inspector"
          ]
        },
        {
          "name": "irb.IRB.Inspector.init",
          "parameterTypes": [],
          "returnType": "ANY",
          "baseTypeFullName": [
            "irb.IRB.Inspector"
          ]
        },
        {
          "name": "irb.IRB.Inspector.inspect_value",
          "parameterTypes": [],
          "returnType": "ANY",
          "baseTypeFullName": [
            "irb.IRB.Inspector"
          ]
        }
      ],
      "fields": []
    },
    {
      "name": "irb.IRB.Irb",
      "methods": [
        {
          "name": "irb.IRB.Irb.new",
          "parameterTypes": [],
          "returnType": "ANY",
          "baseTypeFullName": [
            "irb.IRB.Irb"
          ]
        },
        {
          "name": "irb.IRB.Irb.build_statement",
          "parameterTypes": [],
          "returnType": "ANY",
          "baseTypeFullName": [
            "irb.IRB.Irb"
          ]
        },
        {
          "name": "irb.IRB.Irb.configure_io",
          "parameterTypes": [],
          "returnType": "ANY",
          "baseTypeFullName": [
            "irb.IRB.Irb"
          ]
        },
        {
          "name": "irb.IRB.Irb.convert_invalid_byte_sequence",
          "parameterTypes": [],
          "returnType": "ANY",
          "baseTypeFullName": [
            "irb.IRB.Irb"
          ]
        },
        {
          "name": "irb.IRB.Irb.debug_break",
          "parameterTypes": [],
          "returnType": "ANY",
          "baseTypeFullName": [
            "irb.IRB.Irb"
          ]
        },
        {
          "name": "irb.IRB.Irb.debug_readline",
          "parameterTypes": [],
          "returnType": "ANY",
          "baseTypeFullName": [
            "irb.IRB.Irb"
          ]
        },
        {
          "name": "irb.IRB.Irb.each_top_level_statement",
          "parameterTypes": [],
          "returnType": "ANY",
          "baseTypeFullName": [
            "irb.IRB.Irb"
          ]
        },
        {
          "name": "irb.IRB.Irb.encode_with_invalid_byte_sequence",
          "parameterTypes": [],
          "returnType": "ANY",
          "baseTypeFullName": [
            "irb.IRB.Irb"
          ]
        },
        {
          "name": "irb.IRB.Irb.eval_input",
          "parameterTypes": [],
          "returnType": "ANY",
          "baseTypeFullName": [
            "irb.IRB.Irb"
          ]
        },
        {
          "name": "irb.IRB.Irb.handle_exception",
          "parameterTypes": [],
          "returnType": "ANY",
          "baseTypeFullName": [
            "irb.IRB.Irb"
          ]
        },
        {
          "name": "irb.IRB.Irb.inspect",
          "parameterTypes": [],
          "returnType": "ANY",
          "baseTypeFullName": [
            "irb.IRB.Irb"
          ]
        },
        {
          "name": "irb.IRB.Irb.read_input",
          "parameterTypes": [],
          "returnType": "ANY",
          "baseTypeFullName": [
            "irb.IRB.Irb"
          ]
        },
        {
          "name": "irb.IRB.Irb.readmultiline",
          "parameterTypes": [],
          "returnType": "ANY",
          "baseTypeFullName": [
            "irb.IRB.Irb"
          ]
        },
        {
          "name": "irb.IRB.Irb.run",
          "parameterTypes": [],
          "returnType": "ANY",
          "baseTypeFullName": [
            "irb.IRB.Irb"
          ]
        },
        {
          "name": "irb.IRB.Irb.signal_handle",
          "parameterTypes": [],
          "returnType": "ANY",
          "baseTypeFullName": [
            "irb.IRB.Irb"
          ]
        },
        {
          "name": "irb.IRB.Irb.signal_status",
          "parameterTypes": [],
          "returnType": "ANY",
          "baseTypeFullName": [
            "irb.IRB.Irb"
          ]
        },
        {
          "name": "irb.IRB.Irb.single_line_command",
          "parameterTypes": [],
          "returnType": "ANY",
          "baseTypeFullName": [
            "irb.IRB.Irb"
          ]
        },
        {
          "name": "irb.IRB.Irb.suspend_input_method",
          "parameterTypes": [],
          "returnType": "ANY",
          "baseTypeFullName": [
            "irb.IRB.Irb"
          ]
        },
        {
          "name": "irb.IRB.Irb.suspend_name",
          "parameterTypes": [],
          "returnType": "ANY",
          "baseTypeFullName": [
            "irb.IRB.Irb"
          ]
        },
        {
          "name": "irb.IRB.Irb.suspend_workspace",
          "parameterTypes": [],
          "returnType": "ANY",
          "baseTypeFullName": [
            "irb.IRB.Irb"
          ]
        }
      ],
      "fields": []
    },
    {
      "name": "irb.IRB.IrbLoader",
      "methods": [
        {
          "name": "irb.IRB.IrbLoader.irb_load",
          "parameterTypes": [],
          "returnType": "ANY",
          "baseTypeFullName": [
            "irb.IRB.IrbLoader"
          ]
        },
        {
          "name": "irb.IRB.IrbLoader.load_file",
          "parameterTypes": [],
          "returnType": "ANY",
          "baseTypeFullName": [
            "irb.IRB.IrbLoader"
          ]
        },
        {
          "name": "irb.IRB.IrbLoader.source_file",
          "parameterTypes": [],
          "returnType": "ANY",
          "baseTypeFullName": [
            "irb.IRB.IrbLoader"
          ]
        }
      ],
      "fields": []
    },
    {
      "name": "irb.IRB.JobManager",
      "methods": [
        {
          "name": "irb.IRB.JobManager.new",
          "parameterTypes": [],
          "returnType": "ANY",
          "baseTypeFullName": [
            "irb.IRB.JobManager"
          ]
        },
        {
          "name": "irb.IRB.JobManager.delete",
          "parameterTypes": [],
          "returnType": "ANY",
          "baseTypeFullName": [
            "irb.IRB.JobManager"
          ]
        },
        {
          "name": "irb.IRB.JobManager.insert",
          "parameterTypes": [],
          "returnType": "ANY",
          "baseTypeFullName": [
            "irb.IRB.JobManager"
          ]
        },
        {
          "name": "irb.IRB.JobManager.inspect",
          "parameterTypes": [],
          "returnType": "ANY",
          "baseTypeFullName": [
            "irb.IRB.JobManager"
          ]
        },
        {
          "name": "irb.IRB.JobManager.irb",
          "parameterTypes": [],
          "returnType": "ANY",
          "baseTypeFullName": [
            "irb.IRB.JobManager"
          ]
        },
        {
          "name": "irb.IRB.JobManager.kill",
          "parameterTypes": [],
          "returnType": "ANY",
          "baseTypeFullName": [
            "irb.IRB.JobManager"
          ]
        },
        {
          "name": "irb.IRB.JobManager.main_irb",
          "parameterTypes": [],
          "returnType": "ANY",
          "baseTypeFullName": [
            "irb.IRB.JobManager"
          ]
        },
        {
          "name": "irb.IRB.JobManager.main_thread",
          "parameterTypes": [],
          "returnType": "ANY",
          "baseTypeFullName": [
            "irb.IRB.JobManager"
          ]
        },
        {
          "name": "irb.IRB.JobManager.n_jobs",
          "parameterTypes": [],
          "returnType": "ANY",
          "baseTypeFullName": [
            "irb.IRB.JobManager"
          ]
        },
        {
          "name": "irb.IRB.JobManager.search",
          "parameterTypes": [],
          "returnType": "ANY",
          "baseTypeFullName": [
            "irb.IRB.JobManager"
          ]
        },
        {
          "name": "irb.IRB.JobManager.switch",
          "parameterTypes": [],
          "returnType": "ANY",
          "baseTypeFullName": [
            "irb.IRB.JobManager"
          ]
        },
        {
          "name": "irb.IRB.JobManager.thread",
          "parameterTypes": [],
          "returnType": "ANY",
          "baseTypeFullName": [
            "irb.IRB.JobManager"
          ]
        }
      ],
      "fields": []
    },
    {
      "name": "irb.IRB.LoadAbort",
      "methods": [],
      "fields": []
    },
    {
      "name": "irb.IRB.Locale",
      "methods": [
        {
          "name": "irb.IRB.Locale.new",
          "parameterTypes": [],
          "returnType": "ANY",
          "baseTypeFullName": [
            "irb.IRB.Locale"
          ]
        },
        {
          "name": "irb.IRB.Locale.String",
          "parameterTypes": [],
          "returnType": "ANY",
          "baseTypeFullName": [
            "irb.IRB.Locale"
          ]
        },
        {
          "name": "irb.IRB.Locale.each_localized_path",
          "parameterTypes": [],
          "returnType": "ANY",
          "baseTypeFullName": [
            "irb.IRB.Locale"
          ]
        },
        {
          "name": "irb.IRB.Locale.each_sublocale",
          "parameterTypes": [],
          "returnType": "ANY",
          "baseTypeFullName": [
            "irb.IRB.Locale"
          ]
        },
        {
          "name": "irb.IRB.Locale.encoding",
          "parameterTypes": [],
          "returnType": "ANY",
          "baseTypeFullName": [
            "irb.IRB.Locale"
          ]
        },
        {
          "name": "irb.IRB.Locale.find",
          "parameterTypes": [],
          "returnType": "ANY",
          "baseTypeFullName": [
            "irb.IRB.Locale"
          ]
        },
        {
          "name": "irb.IRB.Locale.format",
          "parameterTypes": [],
          "returnType": "ANY",
          "baseTypeFullName": [
            "irb.IRB.Locale"
          ]
        },
        {
          "name": "irb.IRB.Locale.gets",
          "parameterTypes": [],
          "returnType": "ANY",
          "baseTypeFullName": [
            "irb.IRB.Locale"
          ]
        },
        {
          "name": "irb.IRB.Locale.load",
          "parameterTypes": [],
          "returnType": "ANY",
          "baseTypeFullName": [
            "irb.IRB.Locale"
          ]
        },
        {
          "name": "irb.IRB.Locale.print",
          "parameterTypes": [],
          "returnType": "ANY",
          "baseTypeFullName": [
            "irb.IRB.Locale"
          ]
        },
        {
          "name": "irb.IRB.Locale.printf",
          "parameterTypes": [],
          "returnType": "ANY",
          "baseTypeFullName": [
            "irb.IRB.Locale"
          ]
        },
        {
          "name": "irb.IRB.Locale.puts",
          "parameterTypes": [],
          "returnType": "ANY",
          "baseTypeFullName": [
            "irb.IRB.Locale"
          ]
        },
        {
          "name": "irb.IRB.Locale.readline",
          "parameterTypes": [],
          "returnType": "ANY",
          "baseTypeFullName": [
            "irb.IRB.Locale"
          ]
        },
        {
          "name": "irb.IRB.Locale.search_file",
          "parameterTypes": [],
          "returnType": "ANY",
          "baseTypeFullName": [
            "irb.IRB.Locale"
          ]
        }
      ],
      "fields": []
    },
    {
      "name": "irb.IRB.NestingParser",
      "methods": [
        {
          "name": "irb.IRB.NestingParser.open_tokens",
          "parameterTypes": [],
          "returnType": "ANY",
          "baseTypeFullName": [
            "irb.IRB.NestingParser"
          ]
        },
        {
          "name": "irb.IRB.NestingParser.parse_by_line",
          "parameterTypes": [],
          "returnType": "ANY",
          "baseTypeFullName": [
            "irb.IRB.NestingParser"
          ]
        },
        {
          "name": "irb.IRB.NestingParser.scan_opens",
          "parameterTypes": [],
          "returnType": "ANY",
          "baseTypeFullName": [
            "irb.IRB.NestingParser"
          ]
        }
      ],
      "fields": []
    },
    {
      "name": "irb.IRB.Notifier",
      "methods": [
        {
          "name": "irb.IRB.Notifier.def_notifier",
          "parameterTypes": [],
          "returnType": "ANY",
          "baseTypeFullName": [
            "irb.IRB.Notifier"
          ]
        }
      ],
      "fields": []
    },
    {
      "name": "irb.IRB.OutputMethod",
      "methods": [
        {
          "name": "irb.IRB.OutputMethod.parse_printf_format",
          "parameterTypes": [],
          "returnType": "ANY",
          "baseTypeFullName": [
            "irb.IRB.OutputMethod"
          ]
        },
        {
          "name": "irb.IRB.OutputMethod.pp",
          "parameterTypes": [],
          "returnType": "ANY",
          "baseTypeFullName": [
            "irb.IRB.OutputMethod"
          ]
        },
        {
          "name": "irb.IRB.OutputMethod.ppx",
          "parameterTypes": [],
          "returnType": "ANY",
          "baseTypeFullName": [
            "irb.IRB.OutputMethod"
          ]
        },
        {
          "name": "irb.IRB.OutputMethod.print",
          "parameterTypes": [],
          "returnType": "ANY",
          "baseTypeFullName": [
            "irb.IRB.OutputMethod"
          ]
        },
        {
          "name": "irb.IRB.OutputMethod.printf",
          "parameterTypes": [],
          "returnType": "ANY",
          "baseTypeFullName": [
            "irb.IRB.OutputMethod"
          ]
        },
        {
          "name": "irb.IRB.OutputMethod.printn",
          "parameterTypes": [],
          "returnType": "ANY",
          "baseTypeFullName": [
            "irb.IRB.OutputMethod"
          ]
        },
        {
          "name": "irb.IRB.OutputMethod.puts",
          "parameterTypes": [],
          "returnType": "ANY",
          "baseTypeFullName": [
            "irb.IRB.OutputMethod"
          ]
        }
      ],
      "fields": []
    },
    {
      "name": "irb.IRB.Pager",
      "methods": [
        {
          "name": "irb.IRB.Pager.page",
          "parameterTypes": [],
          "returnType": "ANY",
          "baseTypeFullName": [
            "irb.IRB.Pager"
          ]
        },
        {
          "name": "irb.IRB.Pager.page_content",
          "parameterTypes": [],
          "returnType": "ANY",
          "baseTypeFullName": [
            "irb.IRB.Pager"
          ]
        }
      ],
      "fields": []
    },
    {
      "name": "irb.IRB.ReadlineInputMethod",
      "methods": [
        {
          "name": "irb.IRB.ReadlineInputMethod.initialize_readline",
          "parameterTypes": [],
          "returnType": "ANY",
          "baseTypeFullName": [
            "irb.IRB.ReadlineInputMethod"
          ]
        },
        {
          "name": "irb.IRB.ReadlineInputMethod.new",
          "parameterTypes": [],
          "returnType": "ANY",
          "baseTypeFullName": [
            "irb.IRB.ReadlineInputMethod"
          ]
        },
        {
          "name": "irb.IRB.ReadlineInputMethod.completion_info",
          "parameterTypes": [],
          "returnType": "ANY",
          "baseTypeFullName": [
            "irb.IRB.ReadlineInputMethod"
          ]
        },
        {
          "name": "irb.IRB.ReadlineInputMethod.eof",
          "parameterTypes": [],
          "returnType": "ANY",
          "baseTypeFullName": [
            "irb.IRB.ReadlineInputMethod"
          ]
        },
        {
          "name": "irb.IRB.ReadlineInputMethod.gets",
          "parameterTypes": [],
          "returnType": "ANY",
          "baseTypeFullName": [
            "irb.IRB.ReadlineInputMethod"
          ]
        },
        {
          "name": "irb.IRB.ReadlineInputMethod.inspect",
          "parameterTypes": [],
          "returnType": "ANY",
          "baseTypeFullName": [
            "irb.IRB.ReadlineInputMethod"
          ]
        }
      ],
      "fields": []
    },
    {
      "name": "irb.IRB.ReidlineInputMethod",
      "methods": [
        {
          "name": "irb.IRB.ReidlineInputMethod.new",
          "parameterTypes": [],
          "returnType": "ANY",
          "baseTypeFullName": [
            "irb.IRB.ReidlineInputMethod"
          ]
        }
      ],
      "fields": []
    },
    {
      "name": "irb.IRB.RelineInputMethod",
      "methods": [
        {
          "name": "irb.IRB.RelineInputMethod.new",
          "parameterTypes": [],
          "returnType": "ANY",
          "baseTypeFullName": [
            "irb.IRB.RelineInputMethod"
          ]
        },
        {
          "name": "irb.IRB.RelineInputMethod.auto_indent",
          "parameterTypes": [],
          "returnType": "ANY",
          "baseTypeFullName": [
            "irb.IRB.RelineInputMethod"
          ]
        },
        {
          "name": "irb.IRB.RelineInputMethod.check_termination",
          "parameterTypes": [],
          "returnType": "ANY",
          "baseTypeFullName": [
            "irb.IRB.RelineInputMethod"
          ]
        },
        {
          "name": "irb.IRB.RelineInputMethod.completion_info",
          "parameterTypes": [],
          "returnType": "ANY",
          "baseTypeFullName": [
            "irb.IRB.RelineInputMethod"
          ]
        },
        {
          "name": "irb.IRB.RelineInputMethod.display_document",
          "parameterTypes": [],
          "returnType": "ANY",
          "baseTypeFullName": [
            "irb.IRB.RelineInputMethod"
          ]
        },
        {
          "name": "irb.IRB.RelineInputMethod.dynamic_prompt",
          "parameterTypes": [],
          "returnType": "ANY",
          "baseTypeFullName": [
            "irb.IRB.RelineInputMethod"
          ]
        },
        {
          "name": "irb.IRB.RelineInputMethod.eof",
          "parameterTypes": [],
          "returnType": "ANY",
          "baseTypeFullName": [
            "irb.IRB.RelineInputMethod"
          ]
        },
        {
          "name": "irb.IRB.RelineInputMethod.gets",
          "parameterTypes": [],
          "returnType": "ANY",
          "baseTypeFullName": [
            "irb.IRB.RelineInputMethod"
          ]
        },
        {
          "name": "irb.IRB.RelineInputMethod.inspect",
          "parameterTypes": [],
          "returnType": "ANY",
          "baseTypeFullName": [
            "irb.IRB.RelineInputMethod"
          ]
        },
        {
          "name": "irb.IRB.RelineInputMethod.show_doc_dialog_proc",
          "parameterTypes": [],
          "returnType": "ANY",
          "baseTypeFullName": [
            "irb.IRB.RelineInputMethod"
          ]
        }
      ],
      "fields": []
    },
    {
      "name": "irb.IRB.RubyModel",
      "methods": [
        {
          "name": "irb.IRB.RubyModel.new",
          "parameterTypes": [],
          "returnType": "ANY",
          "baseTypeFullName": [
            "irb.IRB.RubyModel"
          ]
        },
        {
          "name": "irb.IRB.RubyModel.init_ruby_model",
          "parameterTypes": [],
          "returnType": "ANY",
          "baseTypeFullName": [
            "irb.IRB.RubyModel"
          ]
        },
        {
          "name": "irb.IRB.RubyModel.render_frame",
          "parameterTypes": [],
          "returnType": "ANY",
          "baseTypeFullName": [
            "irb.IRB.RubyModel"
          ]
        }
      ],
      "fields": []
    },
    {
      "name": "irb.IRB.SourceFinder",
      "methods": [
        {
          "name": "irb.IRB.SourceFinder.new",
          "parameterTypes": [],
          "returnType": "ANY",
          "baseTypeFullName": [
            "irb.IRB.SourceFinder"
          ]
        },
        {
          "name": "irb.IRB.SourceFinder.find_source",
          "parameterTypes": [],
          "returnType": "ANY",
          "baseTypeFullName": [
            "irb.IRB.SourceFinder"
          ]
        }
      ],
      "fields": []
    },
    {
      "name": "irb.IRB.Statement",
      "methods": [
        {
          "name": "irb.IRB.Statement.evaluable_code",
          "parameterTypes": [],
          "returnType": "ANY",
          "baseTypeFullName": [
            "irb.IRB.Statement"
          ]
        },
        {
          "name": "irb.IRB.Statement.is_assignment",
          "parameterTypes": [],
          "returnType": "ANY",
          "baseTypeFullName": [
            "irb.IRB.Statement"
          ]
        },
        {
          "name": "irb.IRB.Statement.should_be_handled_by_debugger",
          "parameterTypes": [],
          "returnType": "ANY",
          "baseTypeFullName": [
            "irb.IRB.Statement"
          ]
        },
        {
          "name": "irb.IRB.Statement.suppresses_echo",
          "parameterTypes": [],
          "returnType": "ANY",
          "baseTypeFullName": [
            "irb.IRB.Statement"
          ]
        }
      ],
      "fields": []
    },
    {
      "name": "irb.IRB.StdioInputMethod",
      "methods": [
        {
          "name": "irb.IRB.StdioInputMethod.new",
          "parameterTypes": [],
          "returnType": "ANY",
          "baseTypeFullName": [
            "irb.IRB.StdioInputMethod"
          ]
        },
        {
          "name": "irb.IRB.StdioInputMethod.encoding",
          "parameterTypes": [],
          "returnType": "ANY",
          "baseTypeFullName": [
            "irb.IRB.StdioInputMethod"
          ]
        },
        {
          "name": "irb.IRB.StdioInputMethod.eof",
          "parameterTypes": [],
          "returnType": "ANY",
          "baseTypeFullName": [
            "irb.IRB.StdioInputMethod"
          ]
        },
        {
          "name": "irb.IRB.StdioInputMethod.gets",
          "parameterTypes": [],
          "returnType": "ANY",
          "baseTypeFullName": [
            "irb.IRB.StdioInputMethod"
          ]
        },
        {
          "name": "irb.IRB.StdioInputMethod.inspect",
          "parameterTypes": [],
          "returnType": "ANY",
          "baseTypeFullName": [
            "irb.IRB.StdioInputMethod"
          ]
        },
        {
          "name": "irb.IRB.StdioInputMethod.line",
          "parameterTypes": [],
          "returnType": "ANY",
          "baseTypeFullName": [
            "irb.IRB.StdioInputMethod"
          ]
        },
        {
          "name": "irb.IRB.StdioInputMethod.readable_after_eof",
          "parameterTypes": [],
          "returnType": "ANY",
          "baseTypeFullName": [
            "irb.IRB.StdioInputMethod"
          ]
        }
      ],
      "fields": []
    },
    {
      "name": "irb.IRB.StdioOutputMethod",
      "methods": [
        {
          "name": "irb.IRB.StdioOutputMethod.print",
          "parameterTypes": [],
          "returnType": "ANY",
          "baseTypeFullName": [
            "irb.IRB.StdioOutputMethod"
          ]
        }
      ],
      "fields": []
    },
    {
      "name": "irb.IRB.Vec",
      "methods": [
        {
          "name": "irb.IRB.Vec.new",
          "parameterTypes": [],
          "returnType": "ANY",
          "baseTypeFullName": [
            "irb.IRB.Vec"
          ]
        },
        {
          "name": "irb.IRB.Vec.cross",
          "parameterTypes": [],
          "returnType": "ANY",
          "baseTypeFullName": [
            "irb.IRB.Vec"
          ]
        },
        {
          "name": "irb.IRB.Vec.dot",
          "parameterTypes": [],
          "returnType": "ANY",
          "baseTypeFullName": [
            "irb.IRB.Vec"
          ]
        },
        {
          "name": "irb.IRB.Vec.normalize",
          "parameterTypes": [],
          "returnType": "ANY",
          "baseTypeFullName": [
            "irb.IRB.Vec"
          ]
        },
        {
          "name": "irb.IRB.Vec.sub",
          "parameterTypes": [],
          "returnType": "ANY",
          "baseTypeFullName": [
            "irb.IRB.Vec"
          ]
        }
      ],
      "fields": []
    },
    {
      "name": "irb.IRB.WorkSpace",
      "methods": [
        {
          "name": "irb.IRB.WorkSpace.new",
          "parameterTypes": [],
          "returnType": "ANY",
          "baseTypeFullName": [
            "irb.IRB.WorkSpace"
          ]
        },
        {
          "name": "irb.IRB.WorkSpace.__evaluate__",
          "parameterTypes": [],
          "returnType": "ANY",
          "baseTypeFullName": [
            "irb.IRB.WorkSpace"
          ]
        },
        {
          "name": "irb.IRB.WorkSpace.code_around_binding",
          "parameterTypes": [],
          "returnType": "ANY",
          "baseTypeFullName": [
            "irb.IRB.WorkSpace"
          ]
        },
        {
          "name": "irb.IRB.WorkSpace.evaluate",
          "parameterTypes": [],
          "returnType": "ANY",
          "baseTypeFullName": [
            "irb.IRB.WorkSpace"
          ]
        },
        {
          "name": "irb.IRB.WorkSpace.filter_backtrace",
          "parameterTypes": [],
          "returnType": "ANY",
          "baseTypeFullName": [
            "irb.IRB.WorkSpace"
          ]
        },
        {
          "name": "irb.IRB.WorkSpace.load_commands_to_main",
          "parameterTypes": [],
          "returnType": "ANY",
          "baseTypeFullName": [
            "irb.IRB.WorkSpace"
          ]
        },
        {
          "name": "irb.IRB.WorkSpace.local_variable_get",
          "parameterTypes": [],
          "returnType": "ANY",
          "baseTypeFullName": [
            "irb.IRB.WorkSpace"
          ]
        },
        {
          "name": "irb.IRB.WorkSpace.local_variable_set",
          "parameterTypes": [],
          "returnType": "ANY",
          "baseTypeFullName": [
            "irb.IRB.WorkSpace"
          ]
        }
      ],
      "fields": []
    }
  ],
  "irb": [
    {
      "name": "irb.Binding",
      "methods": [
        {
          "name": "irb.Binding.irb",
          "parameterTypes": [],
          "returnType": "ANY",
          "baseTypeFullName": [
            "irb.Binding"
          ]
        }
      ],
      "fields": []
    },
    {
      "name": "irb.IRB",
      "methods": [
        {
          "name": "irb.IRB.CurrentContext",
          "parameterTypes": [],
          "returnType": "ANY",
          "baseTypeFullName": [
            "irb.IRB"
          ]
        },
        {
          "name": "irb.IRB.JobManager",
          "parameterTypes": [],
          "returnType": "ANY",
          "baseTypeFullName": [
            "irb.IRB"
          ]
        },
        {
          "name": "irb.IRB.initialize_tracer",
          "parameterTypes": [],
          "returnType": "ANY",
          "baseTypeFullName": [
            "irb.IRB"
          ]
        },
        {
          "name": "irb.IRB.irb",
          "parameterTypes": [],
          "returnType": "ANY",
          "baseTypeFullName": [
            "irb.IRB"
          ]
        },
        {
          "name": "irb.IRB.irb_abort",
          "parameterTypes": [],
          "returnType": "ANY",
          "baseTypeFullName": [
            "irb.IRB"
          ]
        },
        {
          "name": "irb.IRB.irb_exit",
          "parameterTypes": [],
          "returnType": "ANY",
          "baseTypeFullName": [
            "irb.IRB"
          ]
        },
        {
          "name": "irb.IRB.print_usage",
          "parameterTypes": [],
          "returnType": "ANY",
          "baseTypeFullName": [
            "irb.IRB"
          ]
        },
        {
          "name": "irb.IRB.start",
          "parameterTypes": [],
          "returnType": "ANY",
          "baseTypeFullName": [
            "irb.IRB"
          ]
        }
      ],
      "fields": []
    },
    {
      "name": "irb.Object",
      "methods": [
        {
          "name": "irb.Object.xmp",
          "parameterTypes": [],
          "returnType": "ANY",
          "baseTypeFullName": [
            "irb.Object"
          ]
        }
      ],
      "fields": []
    },
    {
      "name": "irb.XMP",
      "methods": [
        {
          "name": "irb.XMP.new",
          "parameterTypes": [],
          "returnType": "ANY",
          "baseTypeFullName": [
            "irb.XMP"
          ]
        },
        {
          "name": "irb.XMP.puts",
          "parameterTypes": [],
          "returnType": "ANY",
          "baseTypeFullName": [
            "irb.XMP"
          ]
        }
      ],
      "fields": []
    }
  ],
  "irb.IRB.ExtendCommand": [
    {
      "name": "irb.IRB.ExtendCommand.Help",
      "methods": [
        {
          "name": "irb.IRB.ExtendCommand.Help.execute",
          "parameterTypes": [],
          "returnType": "ANY",
          "baseTypeFullName": [
            "irb.IRB.ExtendCommand.Help"
          ]
        }
      ],
      "fields": []
    },
    {
      "name": "irb.IRB.ExtendCommand.ShowDoc",
      "methods": [
        {
          "name": "irb.IRB.ExtendCommand.ShowDoc.transform_args",
          "parameterTypes": [],
          "returnType": "ANY",
          "baseTypeFullName": [
            "irb.IRB.ExtendCommand.ShowDoc"
          ]
        },
        {
          "name": "irb.IRB.ExtendCommand.ShowDoc.execute",
          "parameterTypes": [],
          "returnType": "ANY",
          "baseTypeFullName": [
            "irb.IRB.ExtendCommand.ShowDoc"
          ]
        }
      ],
      "fields": []
    },
    {
      "name": "irb.IRB.ExtendCommand.ShowSource",
      "methods": [
        {
          "name": "irb.IRB.ExtendCommand.ShowSource.transform_args",
          "parameterTypes": [],
          "returnType": "ANY",
          "baseTypeFullName": [
            "irb.IRB.ExtendCommand.ShowSource"
          ]
        },
        {
          "name": "irb.IRB.ExtendCommand.ShowSource.execute",
          "parameterTypes": [],
          "returnType": "ANY",
          "baseTypeFullName": [
            "irb.IRB.ExtendCommand.ShowSource"
          ]
        }
      ],
      "fields": []
    }
  ],
  "irb.IRB.Notifier": [
    {
      "name": "irb.IRB.Notifier.AbstractNotifier",
      "methods": [
        {
          "name": "irb.IRB.Notifier.AbstractNotifier.new",
          "parameterTypes": [],
          "returnType": "ANY",
          "baseTypeFullName": [
            "irb.IRB.Notifier.AbstractNotifier"
          ]
        },
        {
          "name": "irb.IRB.Notifier.AbstractNotifier.exec_if",
          "parameterTypes": [],
          "returnType": "ANY",
          "baseTypeFullName": [
            "irb.IRB.Notifier.AbstractNotifier"
          ]
        },
        {
          "name": "irb.IRB.Notifier.AbstractNotifier.notify",
          "parameterTypes": [],
          "returnType": "ANY",
          "baseTypeFullName": [
            "irb.IRB.Notifier.AbstractNotifier"
          ]
        },
        {
          "name": "irb.IRB.Notifier.AbstractNotifier.pp",
          "parameterTypes": [],
          "returnType": "ANY",
          "baseTypeFullName": [
            "irb.IRB.Notifier.AbstractNotifier"
          ]
        },
        {
          "name": "irb.IRB.Notifier.AbstractNotifier.ppx",
          "parameterTypes": [],
          "returnType": "ANY",
          "baseTypeFullName": [
            "irb.IRB.Notifier.AbstractNotifier"
          ]
        },
        {
          "name": "irb.IRB.Notifier.AbstractNotifier.print",
          "parameterTypes": [],
          "returnType": "ANY",
          "baseTypeFullName": [
            "irb.IRB.Notifier.AbstractNotifier"
          ]
        },
        {
          "name": "irb.IRB.Notifier.AbstractNotifier.printf",
          "parameterTypes": [],
          "returnType": "ANY",
          "baseTypeFullName": [
            "irb.IRB.Notifier.AbstractNotifier"
          ]
        },
        {
          "name": "irb.IRB.Notifier.AbstractNotifier.printn",
          "parameterTypes": [],
          "returnType": "ANY",
          "baseTypeFullName": [
            "irb.IRB.Notifier.AbstractNotifier"
          ]
        },
        {
          "name": "irb.IRB.Notifier.AbstractNotifier.puts",
          "parameterTypes": [],
          "returnType": "ANY",
          "baseTypeFullName": [
            "irb.IRB.Notifier.AbstractNotifier"
          ]
        }
      ],
      "fields": []
    },
    {
      "name": "irb.IRB.Notifier.CompositeNotifier",
      "methods": [
        {
          "name": "irb.IRB.Notifier.CompositeNotifier.new",
          "parameterTypes": [],
          "returnType": "ANY",
          "baseTypeFullName": [
            "irb.IRB.Notifier.CompositeNotifier"
          ]
        },
        {
          "name": "irb.IRB.Notifier.CompositeNotifier.def_notifier",
          "parameterTypes": [],
          "returnType": "ANY",
          "baseTypeFullName": [
            "irb.IRB.Notifier.CompositeNotifier"
          ]
        },
        {
          "name": "irb.IRB.Notifier.CompositeNotifier.level",
          "parameterTypes": [],
          "returnType": "ANY",
          "baseTypeFullName": [
            "irb.IRB.Notifier.CompositeNotifier"
          ]
        },
        {
          "name": "irb.IRB.Notifier.CompositeNotifier.level_notifier",
          "parameterTypes": [],
          "returnType": "ANY",
          "baseTypeFullName": [
            "irb.IRB.Notifier.CompositeNotifier"
          ]
        }
      ],
      "fields": []
    },
    {
      "name": "irb.IRB.Notifier.ErrUndefinedNotifier",
      "methods": [
        {
          "name": "irb.IRB.Notifier.ErrUndefinedNotifier.new",
          "parameterTypes": [],
          "returnType": "ANY",
          "baseTypeFullName": [
            "irb.IRB.Notifier.ErrUndefinedNotifier"
          ]
        }
      ],
      "fields": []
    },
    {
      "name": "irb.IRB.Notifier.ErrUnrecognizedLevel",
      "methods": [
        {
          "name": "irb.IRB.Notifier.ErrUnrecognizedLevel.new",
          "parameterTypes": [],
          "returnType": "ANY",
          "baseTypeFullName": [
            "irb.IRB.Notifier.ErrUnrecognizedLevel"
          ]
        }
      ],
      "fields": []
    },
    {
      "name": "irb.IRB.Notifier.LeveledNotifier",
      "methods": [
        {
          "name": "irb.IRB.Notifier.LeveledNotifier.new",
          "parameterTypes": [],
          "returnType": "ANY",
          "baseTypeFullName": [
            "irb.IRB.Notifier.LeveledNotifier"
          ]
        },
        {
          "name": "irb.IRB.Notifier.LeveledNotifier.<>",
          "parameterTypes": [],
          "returnType": "ANY",
          "baseTypeFullName": [
            "irb.IRB.Notifier.LeveledNotifier"
          ]
        },
        {
          "name": "irb.IRB.Notifier.LeveledNotifier.notify",
          "parameterTypes": [],
          "returnType": "ANY",
          "baseTypeFullName": [
            "irb.IRB.Notifier.LeveledNotifier"
          ]
        }
      ],
      "fields": []
    },
    {
      "name": "irb.IRB.Notifier.NoMsgNotifier",
      "methods": [
        {
          "name": "irb.IRB.Notifier.NoMsgNotifier.new",
          "parameterTypes": [],
          "returnType": "ANY",
          "baseTypeFullName": [
            "irb.IRB.Notifier.NoMsgNotifier"
          ]
        },
        {
          "name": "irb.IRB.Notifier.NoMsgNotifier.notify",
          "parameterTypes": [],
          "returnType": "ANY",
          "baseTypeFullName": [
            "irb.IRB.Notifier.NoMsgNotifier"
          ]
        }
      ],
      "fields": []
    }
  ],
  "irb.IRB.Debug": [
    {
      "name": "irb.IRB.Debug.DEBUGGER__",
      "methods": [
        {
          "name": "irb.IRB.Debug.DEBUGGER__.capture_frames",
          "parameterTypes": [],
          "returnType": "ANY",
          "baseTypeFullName": [
            "irb.IRB.Debug.DEBUGGER__"
          ]
        }
      ],
      "fields": []
    },
    {
      "name": "irb.IRB.Debug.SkipPathHelperForIRB",
      "methods": [
        {
          "name": "irb.IRB.Debug.SkipPathHelperForIRB.skip_internal_path",
          "parameterTypes": [],
          "returnType": "ANY",
          "baseTypeFullName": [
            "irb.IRB.Debug.SkipPathHelperForIRB"
          ]
        }
      ],
      "fields": []
    },
    {
      "name": "irb.IRB.Debug.UI",
      "methods": [
        {
          "name": "irb.IRB.Debug.UI.new",
          "parameterTypes": [],
          "returnType": "ANY",
          "baseTypeFullName": [
            "irb.IRB.Debug.UI"
          ]
        },
        {
          "name": "irb.IRB.Debug.UI.activate",
          "parameterTypes": [],
          "returnType": "ANY",
          "baseTypeFullName": [
            "irb.IRB.Debug.UI"
          ]
        },
        {
          "name": "irb.IRB.Debug.UI.after_fork_parent",
          "parameterTypes": [],
          "returnType": "ANY",
          "baseTypeFullName": [
            "irb.IRB.Debug.UI"
          ]
        },
        {
          "name": "irb.IRB.Debug.UI.ask",
          "parameterTypes": [],
          "returnType": "ANY",
          "baseTypeFullName": [
            "irb.IRB.Debug.UI"
          ]
        },
        {
          "name": "irb.IRB.Debug.UI.deactivate",
          "parameterTypes": [],
          "returnType": "ANY",
          "baseTypeFullName": [
            "irb.IRB.Debug.UI"
          ]
        },
        {
          "name": "irb.IRB.Debug.UI.puts",
          "parameterTypes": [],
          "returnType": "ANY",
          "baseTypeFullName": [
            "irb.IRB.Debug.UI"
          ]
        },
        {
          "name": "irb.IRB.Debug.UI.quit",
          "parameterTypes": [],
          "returnType": "ANY",
          "baseTypeFullName": [
            "irb.IRB.Debug.UI"
          ]
        },
        {
          "name": "irb.IRB.Debug.UI.readline",
          "parameterTypes": [],
          "returnType": "ANY",
          "baseTypeFullName": [
            "irb.IRB.Debug.UI"
          ]
        },
        {
          "name": "irb.IRB.Debug.UI.remote",
          "parameterTypes": [],
          "returnType": "ANY",
          "baseTypeFullName": [
            "irb.IRB.Debug.UI"
          ]
        },
        {
          "name": "irb.IRB.Debug.UI.setup_interrupt",
          "parameterTypes": [],
          "returnType": "ANY",
          "baseTypeFullName": [
            "irb.IRB.Debug.UI"
          ]
        },
        {
          "name": "irb.IRB.Debug.UI.width",
          "parameterTypes": [],
          "returnType": "ANY",
          "baseTypeFullName": [
            "irb.IRB.Debug.UI"
          ]
        }
      ],
      "fields": []
    }
  ],
  "irb.IRB.Statement": [
    {
      "name": "irb.IRB.Statement.Command",
      "methods": [
        {
          "name": "irb.IRB.Statement.Command.new",
          "parameterTypes": [],
          "returnType": "ANY",
          "baseTypeFullName": [
            "irb.IRB.Statement.Command"
          ]
        },
        {
          "name": "irb.IRB.Statement.Command.evaluable_code",
          "parameterTypes": [],
          "returnType": "ANY",
          "baseTypeFullName": [
            "irb.IRB.Statement.Command"
          ]
        },
        {
          "name": "irb.IRB.Statement.Command.is_assignment",
          "parameterTypes": [],
          "returnType": "ANY",
          "baseTypeFullName": [
            "irb.IRB.Statement.Command"
          ]
        },
        {
          "name": "irb.IRB.Statement.Command.should_be_handled_by_debugger",
          "parameterTypes": [],
          "returnType": "ANY",
          "baseTypeFullName": [
            "irb.IRB.Statement.Command"
          ]
        },
        {
          "name": "irb.IRB.Statement.Command.suppresses_echo",
          "parameterTypes": [],
          "returnType": "ANY",
          "baseTypeFullName": [
            "irb.IRB.Statement.Command"
          ]
        }
      ],
      "fields": []
    },
    {
      "name": "irb.IRB.Statement.Expression",
      "methods": [
        {
          "name": "irb.IRB.Statement.Expression.new",
          "parameterTypes": [],
          "returnType": "ANY",
          "baseTypeFullName": [
            "irb.IRB.Statement.Expression"
          ]
        },
        {
          "name": "irb.IRB.Statement.Expression.evaluable_code",
          "parameterTypes": [],
          "returnType": "ANY",
          "baseTypeFullName": [
            "irb.IRB.Statement.Expression"
          ]
        },
        {
          "name": "irb.IRB.Statement.Expression.is_assignment",
          "parameterTypes": [],
          "returnType": "ANY",
          "baseTypeFullName": [
            "irb.IRB.Statement.Expression"
          ]
        },
        {
          "name": "irb.IRB.Statement.Expression.should_be_handled_by_debugger",
          "parameterTypes": [],
          "returnType": "ANY",
          "baseTypeFullName": [
            "irb.IRB.Statement.Expression"
          ]
        },
        {
          "name": "irb.IRB.Statement.Expression.suppresses_echo",
          "parameterTypes": [],
          "returnType": "ANY",
          "baseTypeFullName": [
            "irb.IRB.Statement.Expression"
          ]
        }
      ],
      "fields": []
    }
  ]
}