{
  "json.JSON.Ext.Generator": [
    {
      "name": "json.JSON.Ext.Generator.State",
      "methods": [
        {
          "name": "json.JSON.Ext.Generator.State.from_state",
          "parameterTypes": [],
          "returnType": "ANY",
          "baseTypeFullName": [
            "json.JSON.Ext.Generator.State"
          ]
        },
        {
          "name": "json.JSON.Ext.Generator.State.new",
          "parameterTypes": [],
          "returnType": "ANY",
          "baseTypeFullName": [
            "json.JSON.Ext.Generator.State"
          ]
        },
        {
          "name": "json.JSON.Ext.Generator.State.[]",
          "parameterTypes": [],
          "returnType": "ANY",
          "baseTypeFullName": [
            "json.JSON.Ext.Generator.State"
          ]
        },
        {
          "name": "json.JSON.Ext.Generator.State.allow_nan",
          "parameterTypes": [],
          "returnType": "ANY",
          "baseTypeFullName": [
            "json.JSON.Ext.Generator.State"
          ]
        },
        {
          "name": "json.JSON.Ext.Generator.State.array_nl",
          "parameterTypes": [],
          "returnType": "ANY",
          "baseTypeFullName": [
            "json.JSON.Ext.Generator.State"
          ]
        },
        {
          "name": "json.JSON.Ext.Generator.State.ascii_only",
          "parameterTypes": [],
          "returnType": "ANY",
          "baseTypeFullName": [
            "json.JSON.Ext.Generator.State"
          ]
        },
        {
          "name": "json.JSON.Ext.Generator.State.buffer_initial_length",
          "parameterTypes": [],
          "returnType": "ANY",
          "baseTypeFullName": [
            "json.JSON.Ext.Generator.State"
          ]
        },
        {
          "name": "json.JSON.Ext.Generator.State.check_circular",
          "parameterTypes": [],
          "returnType": "ANY",
          "baseTypeFullName": [
            "json.JSON.Ext.Generator.State"
          ]
        },
        {
          "name": "json.JSON.Ext.Generator.State.configure",
          "parameterTypes": [],
          "returnType": "ANY",
          "baseTypeFullName": [
            "json.JSON.Ext.Generator.State"
          ]
        },
        {
          "name": "json.JSON.Ext.Generator.State.depth",
          "parameterTypes": [],
          "returnType": "ANY",
          "baseTypeFullName": [
            "json.JSON.Ext.Generator.State"
          ]
        },
        {
          "name": "json.JSON.Ext.Generator.State.escape_slash",
          "parameterTypes": [],
          "returnType": "ANY",
          "baseTypeFullName": [
            "json.JSON.Ext.Generator.State"
          ]
        },
        {
          "name": "json.JSON.Ext.Generator.State.generate",
          "parameterTypes": [],
          "returnType": "ANY",
          "baseTypeFullName": [
            "json.JSON.Ext.Generator.State"
          ]
        },
        {
          "name": "json.JSON.Ext.Generator.State.indent",
          "parameterTypes": [],
          "returnType": "ANY",
          "baseTypeFullName": [
            "json.JSON.Ext.Generator.State"
          ]
        },
        {
          "name": "json.JSON.Ext.Generator.State.initialize_copy",
          "parameterTypes": [],
          "returnType": "ANY",
          "baseTypeFullName": [
            "json.JSON.Ext.Generator.State"
          ]
        },
        {
          "name": "json.JSON.Ext.Generator.State.max_nesting",
          "parameterTypes": [],
          "returnType": "ANY",
          "baseTypeFullName": [
            "json.JSON.Ext.Generator.State"
          ]
        },
        {
          "name": "json.JSON.Ext.Generator.State.merge",
          "parameterTypes": [],
          "returnType": "ANY",
          "baseTypeFullName": [
            "json.JSON.Ext.Generator.State"
          ]
        },
        {
          "name": "json.JSON.Ext.Generator.State.object_nl",
          "parameterTypes": [],
          "returnType": "ANY",
          "baseTypeFullName": [
            "json.JSON.Ext.Generator.State"
          ]
        },
        {
          "name": "json.JSON.Ext.Generator.State.script_safe",
          "parameterTypes": [],
          "returnType": "ANY",
          "baseTypeFullName": [
            "json.JSON.Ext.Generator.State"
          ]
        },
        {
          "name": "json.JSON.Ext.Generator.State.space",
          "parameterTypes": [],
          "returnType": "ANY",
          "baseTypeFullName": [
            "json.JSON.Ext.Generator.State"
          ]
        },
        {
          "name": "json.JSON.Ext.Generator.State.space_before",
          "parameterTypes": [],
          "returnType": "ANY",
          "baseTypeFullName": [
            "json.JSON.Ext.Generator.State"
          ]
        },
        {
          "name": "json.JSON.Ext.Generator.State.strict",
          "parameterTypes": [],
          "returnType": "ANY",
          "baseTypeFullName": [
            "json.JSON.Ext.Generator.State"
          ]
        },
        {
          "name": "json.JSON.Ext.Generator.State.to_h",
          "parameterTypes": [],
          "returnType": "ANY",
          "baseTypeFullName": [
            "json.JSON.Ext.Generator.State"
          ]
        },
        {
          "name": "json.JSON.Ext.Generator.State.to_hash",
          "parameterTypes": [],
          "returnType": "ANY",
          "baseTypeFullName": [
            "json.JSON.Ext.Generator.State"
          ]
        }
      ],
      "fields": []
    }
  ],
  "json": [
    {
      "name": "json.BigDecimal",
      "methods": [
        {
          "name": "json.BigDecimal.json_create",
          "parameterTypes": [],
          "returnType": "ANY",
          "baseTypeFullName": [
            "json.BigDecimal"
          ]
        },
        {
          "name": "json.BigDecimal.as_json",
          "parameterTypes": [],
          "returnType": "ANY",
          "baseTypeFullName": [
            "json.BigDecimal"
          ]
        },
        {
          "name": "json.BigDecimal.to_json",
          "parameterTypes": [],
          "returnType": "ANY",
          "baseTypeFullName": [
            "json.BigDecimal"
          ]
        }
      ],
      "fields": []
    },
    {
      "name": "json.Class",
      "methods": [
        {
          "name": "json.Class.json_creatable",
          "parameterTypes": [],
          "returnType": "ANY",
          "baseTypeFullName": [
            "json.Class"
          ]
        }
      ],
      "fields": []
    },
    {
      "name": "json.Complex",
      "methods": [
        {
          "name": "json.Complex.json_create",
          "parameterTypes": [],
          "returnType": "ANY",
          "baseTypeFullName": [
            "json.Complex"
          ]
        },
        {
          "name": "json.Complex.as_json",
          "parameterTypes": [],
          "returnType": "ANY",
          "baseTypeFullName": [
            "json.Complex"
          ]
        },
        {
          "name": "json.Complex.to_json",
          "parameterTypes": [],
          "returnType": "ANY",
          "baseTypeFullName": [
            "json.Complex"
          ]
        }
      ],
      "fields": []
    },
    {
      "name": "json.Date",
      "methods": [
        {
          "name": "json.Date.json_create",
          "parameterTypes": [],
          "returnType": "ANY",
          "baseTypeFullName": [
            "json.Date"
          ]
        },
        {
          "name": "json.Date.as_json",
          "parameterTypes": [],
          "returnType": "ANY",
          "baseTypeFullName": [
            "json.Date"
          ]
        },
        {
          "name": "json.Date.to_json",
          "parameterTypes": [],
          "returnType": "ANY",
          "baseTypeFullName": [
            "json.Date"
          ]
        }
      ],
      "fields": []
    },
    {
      "name": "json.DateTime",
      "methods": [
        {
          "name": "json.DateTime.json_create",
          "parameterTypes": [],
          "returnType": "ANY",
          "baseTypeFullName": [
            "json.DateTime"
          ]
        },
        {
          "name": "json.DateTime.as_json",
          "parameterTypes": [],
          "returnType": "ANY",
          "baseTypeFullName": [
            "json.DateTime"
          ]
        },
        {
          "name": "json.DateTime.to_json",
          "parameterTypes": [],
          "returnType": "ANY",
          "baseTypeFullName": [
            "json.DateTime"
          ]
        }
      ],
      "fields": []
    },
    {
      "name": "json.Exception",
      "methods": [
        {
          "name": "json.Exception.json_create",
          "parameterTypes": [],
          "returnType": "ANY",
          "baseTypeFullName": [
            "json.Exception"
          ]
        },
        {
          "name": "json.Exception.as_json",
          "parameterTypes": [],
          "returnType": "ANY",
          "baseTypeFullName": [
            "json.Exception"
          ]
        },
        {
          "name": "json.Exception.to_json",
          "parameterTypes": [],
          "returnType": "ANY",
          "baseTypeFullName": [
            "json.Exception"
          ]
        }
      ],
      "fields": []
    },
    {
      "name": "json.JSON",
      "methods": [
        {
          "name": "json.JSON.JSON[object]",
          "parameterTypes": [],
          "returnType": "ANY",
          "baseTypeFullName": [
            "json.JSON"
          ]
        },
        {
          "name": "json.JSON.create_fast_state",
          "parameterTypes": [],
          "returnType": "ANY",
          "baseTypeFullName": [
            "json.JSON"
          ]
        },
        {
          "name": "json.JSON.create_id",
          "parameterTypes": [],
          "returnType": "ANY",
          "baseTypeFullName": [
            "json.JSON"
          ]
        },
        {
          "name": "json.JSON.create_pretty_state",
          "parameterTypes": [],
          "returnType": "ANY",
          "baseTypeFullName": [
            "json.JSON"
          ]
        },
        {
          "name": "json.JSON.iconv",
          "parameterTypes": [],
          "returnType": "ANY",
          "baseTypeFullName": [
            "json.JSON"
          ]
        },
        {
          "name": "json.JSON.restore",
          "parameterTypes": [],
          "returnType": "ANY",
          "baseTypeFullName": [
            "json.JSON"
          ]
        },
        {
          "name": "json.JSON.dump",
          "parameterTypes": [],
          "returnType": "ANY",
          "baseTypeFullName": [
            "json.JSON"
          ]
        },
        {
          "name": "json.JSON.fast_generate",
          "parameterTypes": [],
          "returnType": "ANY",
          "baseTypeFullName": [
            "json.JSON"
          ]
        },
        {
          "name": "json.JSON.generate",
          "parameterTypes": [],
          "returnType": "ANY",
          "baseTypeFullName": [
            "json.JSON"
          ]
        },
        {
          "name": "json.JSON.load",
          "parameterTypes": [],
          "returnType": "ANY",
          "baseTypeFullName": [
            "json.JSON"
          ]
        },
        {
          "name": "json.JSON.load_file",
          "parameterTypes": [],
          "returnType": "ANY",
          "baseTypeFullName": [
            "json.JSON"
          ]
        },
        {
          "name": "json.JSON.merge_dump_options",
          "parameterTypes": [],
          "returnType": "ANY",
          "baseTypeFullName": [
            "json.JSON"
          ]
        },
        {
          "name": "json.JSON.parse",
          "parameterTypes": [],
          "returnType": "ANY",
          "baseTypeFullName": [
            "json.JSON"
          ]
        },
        {
          "name": "json.JSON.pretty_generate",
          "parameterTypes": [],
          "returnType": "ANY",
          "baseTypeFullName": [
            "json.JSON"
          ]
        }
      ],
      "fields": []
    },
    {
      "name": "json.Kernel",
      "methods": [],
      "fields": []
    },
    {
      "name": "json.OpenStruct",
      "methods": [
        {
          "name": "json.OpenStruct.json_create",
          "parameterTypes": [],
          "returnType": "ANY",
          "baseTypeFullName": [
            "json.OpenStruct"
          ]
        },
        {
          "name": "json.OpenStruct.as_json",
          "parameterTypes": [],
          "returnType": "ANY",
          "baseTypeFullName": [
            "json.OpenStruct"
          ]
        },
        {
          "name": "json.OpenStruct.to_json",
          "parameterTypes": [],
          "returnType": "ANY",
          "baseTypeFullName": [
            "json.OpenStruct"
          ]
        }
      ],
      "fields": []
    },
    {
      "name": "json.Range",
      "methods": [
        {
          "name": "json.Range.json_create",
          "parameterTypes": [],
          "returnType": "ANY",
          "baseTypeFullName": [
            "json.Range"
          ]
        },
        {
          "name": "json.Range.as_json",
          "parameterTypes": [],
          "returnType": "ANY",
          "baseTypeFullName": [
            "json.Range"
          ]
        },
        {
          "name": "json.Range.to_json",
          "parameterTypes": [],
          "returnType": "ANY",
          "baseTypeFullName": [
            "json.Range"
          ]
        }
      ],
      "fields": []
    },
    {
      "name": "json.Rational",
      "methods": [
        {
          "name": "json.Rational.json_create",
          "parameterTypes": [],
          "returnType": "ANY",
          "baseTypeFullName": [
            "json.Rational"
          ]
        },
        {
          "name": "json.Rational.as_json",
          "parameterTypes": [],
          "returnType": "ANY",
          "baseTypeFullName": [
            "json.Rational"
          ]
        },
        {
          "name": "json.Rational.to_json",
          "parameterTypes": [],
          "returnType": "ANY",
          "baseTypeFullName": [
            "json.Rational"
          ]
        }
      ],
      "fields": []
    },
    {
      "name": "json.Regexp",
      "methods": [
        {
          "name": "json.Regexp.json_create",
          "parameterTypes": [],
          "returnType": "ANY",
          "baseTypeFullName": [
            "json.Regexp"
          ]
        },
        {
          "name": "json.Regexp.as_json",
          "parameterTypes": [],
          "returnType": "ANY",
          "baseTypeFullName": [
            "json.Regexp"
          ]
        },
        {
          "name": "json.Regexp.to_json",
          "parameterTypes": [],
          "returnType": "ANY",
          "baseTypeFullName": [
            "json.Regexp"
          ]
        }
      ],
      "fields": []
    },
    {
      "name": "json.Set",
      "methods": [
        {
          "name": "json.Set.json_create",
          "parameterTypes": [],
          "returnType": "ANY",
          "baseTypeFullName": [
            "json.Set"
          ]
        },
        {
          "name": "json.Set.as_json",
          "parameterTypes": [],
          "returnType": "ANY",
          "baseTypeFullName": [
            "json.Set"
          ]
        },
        {
          "name": "json.Set.to_json",
          "parameterTypes": [],
          "returnType": "ANY",
          "baseTypeFullName": [
            "json.Set"
          ]
        }
      ],
      "fields": []
    },
    {
      "name": "json.Struct",
      "methods": [
        {
          "name": "json.Struct.json_create",
          "parameterTypes": [],
          "returnType": "ANY",
          "baseTypeFullName": [
            "json.Struct"
          ]
        },
        {
          "name": "json.Struct.as_json",
          "parameterTypes": [],
          "returnType": "ANY",
          "baseTypeFullName": [
            "json.Struct"
          ]
        },
        {
          "name": "json.Struct.to_json",
          "parameterTypes": [],
          "returnType": "ANY",
          "baseTypeFullName": [
            "json.Struct"
          ]
        }
      ],
      "fields": []
    },
    {
      "name": "json.Symbol",
      "methods": [
        {
          "name": "json.Symbol.json_create",
          "parameterTypes": [],
          "returnType": "ANY",
          "baseTypeFullName": [
            "json.Symbol"
          ]
        },
        {
          "name": "json.Symbol.as_json",
          "parameterTypes": [],
          "returnType": "ANY",
          "baseTypeFullName": [
            "json.Symbol"
          ]
        },
        {
          "name": "json.Symbol.to_json",
          "parameterTypes": [],
          "returnType": "ANY",
          "baseTypeFullName": [
            "json.Symbol"
          ]
        }
      ],
      "fields": []
    },
    {
      "name": "json.Time",
      "methods": [
        {
          "name": "json.Time.json_create",
          "parameterTypes": [],
          "returnType": "ANY",
          "baseTypeFullName": [
            "json.Time"
          ]
        },
        {
          "name": "json.Time.as_json",
          "parameterTypes": [],
          "returnType": "ANY",
          "baseTypeFullName": [
            "json.Time"
          ]
        },
        {
          "name": "json.Time.to_json",
          "parameterTypes": [],
          "returnType": "ANY",
          "baseTypeFullName": [
            "json.Time"
          ]
        }
      ],
      "fields": []
    }
  ],
  "json.JSON": [
    {
      "name": "json.JSON.Ext",
      "methods": [],
      "fields": []
    },
    {
      "name": "json.JSON.GeneratorError",
      "methods": [],
      "fields": []
    },
    {
      "name": "json.JSON.GenericObject",
      "methods": [
        {
          "name": "json.JSON.GenericObject.dump",
          "parameterTypes": [],
          "returnType": "ANY",
          "baseTypeFullName": [
            "json.JSON.GenericObject"
          ]
        },
        {
          "name": "json.JSON.GenericObject.from_hash",
          "parameterTypes": [],
          "returnType": "ANY",
          "baseTypeFullName": [
            "json.JSON.GenericObject"
          ]
        },
        {
          "name": "json.JSON.GenericObject.json_creatable",
          "parameterTypes": [],
          "returnType": "ANY",
          "baseTypeFullName": [
            "json.JSON.GenericObject"
          ]
        },
        {
          "name": "json.JSON.GenericObject.json_create",
          "parameterTypes": [],
          "returnType": "ANY",
          "baseTypeFullName": [
            "json.JSON.GenericObject"
          ]
        },
        {
          "name": "json.JSON.GenericObject.load",
          "parameterTypes": [],
          "returnType": "ANY",
          "baseTypeFullName": [
            "json.JSON.GenericObject"
          ]
        },
        {
          "name": "json.JSON.GenericObject.[]",
          "parameterTypes": [],
          "returnType": "ANY",
          "baseTypeFullName": [
            "json.JSON.GenericObject"
          ]
        },
        {
          "name": "json.JSON.GenericObject.as_json",
          "parameterTypes": [],
          "returnType": "ANY",
          "baseTypeFullName": [
            "json.JSON.GenericObject"
          ]
        },
        {
          "name": "json.JSON.GenericObject.to_hash",
          "parameterTypes": [],
          "returnType": "ANY",
          "baseTypeFullName": [
            "json.JSON.GenericObject"
          ]
        },
        {
          "name": "json.JSON.GenericObject.to_json",
          "parameterTypes": [],
          "returnType": "ANY",
          "baseTypeFullName": [
            "json.JSON.GenericObject"
          ]
        },
        {
          "name": "json.JSON.GenericObject.|",
          "parameterTypes": [],
          "returnType": "ANY",
          "baseTypeFullName": [
            "json.JSON.GenericObject"
          ]
        }
      ],
      "fields": []
    },
    {
      "name": "json.JSON.JSONError",
      "methods": [
        {
          "name": "json.JSON.JSONError.wrap",
          "parameterTypes": [],
          "returnType": "ANY",
          "baseTypeFullName": [
            "json.JSON.JSONError"
          ]
        }
      ],
      "fields": []
    },
    {
      "name": "json.JSON.MissingUnicodeSupport",
      "methods": [],
      "fields": []
    },
    {
      "name": "json.JSON.NestingError",
      "methods": [],
      "fields": []
    },
    {
      "name": "json.JSON.ParserError",
      "methods": [],
      "fields": []
    }
  ],
  "json.JSON.Ext": [
    {
      "name": "json.JSON.Ext.Generator",
      "methods": [],
      "fields": []
    },
    {
      "name": "json.JSON.Ext.Parser",
      "methods": [
        {
          "name": "json.JSON.Ext.Parser.new",
          "parameterTypes": [],
          "returnType": "ANY",
          "baseTypeFullName": [
            "json.JSON.Ext.Parser"
          ]
        },
        {
          "name": "json.JSON.Ext.Parser.parse",
          "parameterTypes": [],
          "returnType": "ANY",
          "baseTypeFullName": [
            "json.JSON.Ext.Parser"
          ]
        },
        {
          "name": "json.JSON.Ext.Parser.source",
          "parameterTypes": [],
          "returnType": "ANY",
          "baseTypeFullName": [
            "json.JSON.Ext.Parser"
          ]
        }
      ],
      "fields": []
    }
  ]
}