{
  "matrix.Matrix": [
    {
      "name": "matrix.Matrix.EigenvalueDecomposition",
      "methods": [
        {
          "name": "matrix.Matrix.EigenvalueDecomposition.new",
          "parameterTypes": [],
          "returnType": "ANY",
          "baseTypeFullName": [
            "matrix.Matrix.EigenvalueDecomposition"
          ]
        },
        {
          "name": "matrix.Matrix.EigenvalueDecomposition.d",
          "parameterTypes": [],
          "returnType": "ANY",
          "baseTypeFullName": [
            "matrix.Matrix.EigenvalueDecomposition"
          ]
        },
        {
          "name": "matrix.Matrix.EigenvalueDecomposition.eigenvalue_matrix",
          "parameterTypes": [],
          "returnType": "ANY",
          "baseTypeFullName": [
            "matrix.Matrix.EigenvalueDecomposition"
          ]
        },
        {
          "name": "matrix.Matrix.EigenvalueDecomposition.eigenvalues",
          "parameterTypes": [],
          "returnType": "ANY",
          "baseTypeFullName": [
            "matrix.Matrix.EigenvalueDecomposition"
          ]
        },
        {
          "name": "matrix.Matrix.EigenvalueDecomposition.eigenvector_matrix",
          "parameterTypes": [],
          "returnType": "ANY",
          "baseTypeFullName": [
            "matrix.Matrix.EigenvalueDecomposition"
          ]
        },
        {
          "name": "matrix.Matrix.EigenvalueDecomposition.eigenvector_matrix_inv",
          "parameterTypes": [],
          "returnType": "ANY",
          "baseTypeFullName": [
            "matrix.Matrix.EigenvalueDecomposition"
          ]
        },
        {
          "name": "matrix.Matrix.EigenvalueDecomposition.eigenvectors",
          "parameterTypes": [],
          "returnType": "ANY",
          "baseTypeFullName": [
            "matrix.Matrix.EigenvalueDecomposition"
          ]
        },
        {
          "name": "matrix.Matrix.EigenvalueDecomposition.to_a",
          "parameterTypes": [],
          "returnType": "ANY",
          "baseTypeFullName": [
            "matrix.Matrix.EigenvalueDecomposition"
          ]
        },
        {
          "name": "matrix.Matrix.EigenvalueDecomposition.to_ary",
          "parameterTypes": [],
          "returnType": "ANY",
          "baseTypeFullName": [
            "matrix.Matrix.EigenvalueDecomposition"
          ]
        },
        {
          "name": "matrix.Matrix.EigenvalueDecomposition.v",
          "parameterTypes": [],
          "returnType": "ANY",
          "baseTypeFullName": [
            "matrix.Matrix.EigenvalueDecomposition"
          ]
        },
        {
          "name": "matrix.Matrix.EigenvalueDecomposition.v_inv",
          "parameterTypes": [],
          "returnType": "ANY",
          "baseTypeFullName": [
            "matrix.Matrix.EigenvalueDecomposition"
          ]
        }
      ],
      "fields": []
    },
    {
      "name": "matrix.Matrix.LUPDecomposition",
      "methods": [
        {
          "name": "matrix.Matrix.LUPDecomposition.new",
          "parameterTypes": [],
          "returnType": "ANY",
          "baseTypeFullName": [
            "matrix.Matrix.LUPDecomposition"
          ]
        },
        {
          "name": "matrix.Matrix.LUPDecomposition.det",
          "parameterTypes": [],
          "returnType": "ANY",
          "baseTypeFullName": [
            "matrix.Matrix.LUPDecomposition"
          ]
        },
        {
          "name": "matrix.Matrix.LUPDecomposition.determinant",
          "parameterTypes": [],
          "returnType": "ANY",
          "baseTypeFullName": [
            "matrix.Matrix.LUPDecomposition"
          ]
        },
        {
          "name": "matrix.Matrix.LUPDecomposition.l",
          "parameterTypes": [],
          "returnType": "ANY",
          "baseTypeFullName": [
            "matrix.Matrix.LUPDecomposition"
          ]
        },
        {
          "name": "matrix.Matrix.LUPDecomposition.p",
          "parameterTypes": [],
          "returnType": "ANY",
          "baseTypeFullName": [
            "matrix.Matrix.LUPDecomposition"
          ]
        },
        {
          "name": "matrix.Matrix.LUPDecomposition.singular",
          "parameterTypes": [],
          "returnType": "ANY",
          "baseTypeFullName": [
            "matrix.Matrix.LUPDecomposition"
          ]
        },
        {
          "name": "matrix.Matrix.LUPDecomposition.solve",
          "parameterTypes": [],
          "returnType": "ANY",
          "baseTypeFullName": [
            "matrix.Matrix.LUPDecomposition"
          ]
        },
        {
          "name": "matrix.Matrix.LUPDecomposition.to_a",
          "parameterTypes": [],
          "returnType": "ANY",
          "baseTypeFullName": [
            "matrix.Matrix.LUPDecomposition"
          ]
        },
        {
          "name": "matrix.Matrix.LUPDecomposition.to_ary",
          "parameterTypes": [],
          "returnType": "ANY",
          "baseTypeFullName": [
            "matrix.Matrix.LUPDecomposition"
          ]
        },
        {
          "name": "matrix.Matrix.LUPDecomposition.u",
          "parameterTypes": [],
          "returnType": "ANY",
          "baseTypeFullName": [
            "matrix.Matrix.LUPDecomposition"
          ]
        }
      ],
      "fields": []
    }
  ],
  "matrix.ExceptionForMatrix": [
    {
      "name": "matrix.ExceptionForMatrix.ErrDimensionMismatch",
      "methods": [
        {
          "name": "matrix.ExceptionForMatrix.ErrDimensionMismatch.new",
          "parameterTypes": [],
          "returnType": "ANY",
          "baseTypeFullName": [
            "matrix.ExceptionForMatrix.ErrDimensionMismatch"
          ]
        }
      ],
      "fields": []
    },
    {
      "name": "matrix.ExceptionForMatrix.ErrNotRegular",
      "methods": [
        {
          "name": "matrix.ExceptionForMatrix.ErrNotRegular.new",
          "parameterTypes": [],
          "returnType": "ANY",
          "baseTypeFullName": [
            "matrix.ExceptionForMatrix.ErrNotRegular"
          ]
        }
      ],
      "fields": []
    },
    {
      "name": "matrix.ExceptionForMatrix.ErrOperationNotDefined",
      "methods": [
        {
          "name": "matrix.ExceptionForMatrix.ErrOperationNotDefined.new",
          "parameterTypes": [],
          "returnType": "ANY",
          "baseTypeFullName": [
            "matrix.ExceptionForMatrix.ErrOperationNotDefined"
          ]
        }
      ],
      "fields": []
    },
    {
      "name": "matrix.ExceptionForMatrix.ErrOperationNotImplemented",
      "methods": [
        {
          "name": "matrix.ExceptionForMatrix.ErrOperationNotImplemented.new",
          "parameterTypes": [],
          "returnType": "ANY",
          "baseTypeFullName": [
            "matrix.ExceptionForMatrix.ErrOperationNotImplemented"
          ]
        }
      ],
      "fields": []
    }
  ],
  "matrix.Vector": [
    {
      "name": "matrix.Vector.ZeroVectorError",
      "methods": [],
      "fields": []
    }
  ],
  "matrix": [
    {
      "name": "matrix.ExceptionForMatrix",
      "methods": [],
      "fields": []
    },
    {
      "name": "matrix.Matrix",
      "methods": [
        {
          "name": "matrix.Matrix.I",
          "parameterTypes": [],
          "returnType": "ANY",
          "baseTypeFullName": [
            "matrix.Matrix"
          ]
        },
        {
          "name": "matrix.Matrix.[]",
          "parameterTypes": [],
          "returnType": "ANY",
          "baseTypeFullName": [
            "matrix.Matrix"
          ]
        },
        {
          "name": "matrix.Matrix.build",
          "parameterTypes": [],
          "returnType": "ANY",
          "baseTypeFullName": [
            "matrix.Matrix"
          ]
        },
        {
          "name": "matrix.Matrix.column_vector",
          "parameterTypes": [],
          "returnType": "ANY",
          "baseTypeFullName": [
            "matrix.Matrix"
          ]
        },
        {
          "name": "matrix.Matrix.columns",
          "parameterTypes": [],
          "returnType": "ANY",
          "baseTypeFullName": [
            "matrix.Matrix"
          ]
        },
        {
          "name": "matrix.Matrix.combine",
          "parameterTypes": [],
          "returnType": "ANY",
          "baseTypeFullName": [
            "matrix.Matrix"
          ]
        },
        {
          "name": "matrix.Matrix.diagonal",
          "parameterTypes": [],
          "returnType": "ANY",
          "baseTypeFullName": [
            "matrix.Matrix"
          ]
        },
        {
          "name": "matrix.Matrix.empty",
          "parameterTypes": [],
          "returnType": "ANY",
          "baseTypeFullName": [
            "matrix.Matrix"
          ]
        },
        {
          "name": "matrix.Matrix.hstack",
          "parameterTypes": [],
          "returnType": "ANY",
          "baseTypeFullName": [
            "matrix.Matrix"
          ]
        },
        {
          "name": "matrix.Matrix.identity",
          "parameterTypes": [],
          "returnType": "ANY",
          "baseTypeFullName": [
            "matrix.Matrix"
          ]
        },
        {
          "name": "matrix.Matrix.new",
          "parameterTypes": [],
          "returnType": "ANY",
          "baseTypeFullName": [
            "matrix.Matrix"
          ]
        },
        {
          "name": "matrix.Matrix.row_vector",
          "parameterTypes": [],
          "returnType": "ANY",
          "baseTypeFullName": [
            "matrix.Matrix"
          ]
        },
        {
          "name": "matrix.Matrix.rows",
          "parameterTypes": [],
          "returnType": "ANY",
          "baseTypeFullName": [
            "matrix.Matrix"
          ]
        },
        {
          "name": "matrix.Matrix.scalar",
          "parameterTypes": [],
          "returnType": "ANY",
          "baseTypeFullName": [
            "matrix.Matrix"
          ]
        },
        {
          "name": "matrix.Matrix.unit",
          "parameterTypes": [],
          "returnType": "ANY",
          "baseTypeFullName": [
            "matrix.Matrix"
          ]
        },
        {
          "name": "matrix.Matrix.vstack",
          "parameterTypes": [],
          "returnType": "ANY",
          "baseTypeFullName": [
            "matrix.Matrix"
          ]
        },
        {
          "name": "matrix.Matrix.zero",
          "parameterTypes": [],
          "returnType": "ANY",
          "baseTypeFullName": [
            "matrix.Matrix"
          ]
        },
        {
          "name": "matrix.Matrix.*",
          "parameterTypes": [],
          "returnType": "ANY",
          "baseTypeFullName": [
            "matrix.Matrix"
          ]
        },
        {
          "name": "matrix.Matrix.**",
          "parameterTypes": [],
          "returnType": "ANY",
          "baseTypeFullName": [
            "matrix.Matrix"
          ]
        },
        {
          "name": "matrix.Matrix.+",
          "parameterTypes": [],
          "returnType": "ANY",
          "baseTypeFullName": [
            "matrix.Matrix"
          ]
        },
        {
          "name": "matrix.Matrix.+@",
          "parameterTypes": [],
          "returnType": "ANY",
          "baseTypeFullName": [
            "matrix.Matrix"
          ]
        },
        {
          "name": "matrix.Matrix.-",
          "parameterTypes": [],
          "returnType": "ANY",
          "baseTypeFullName": [
            "matrix.Matrix"
          ]
        },
        {
          "name": "matrix.Matrix.-@",
          "parameterTypes": [],
          "returnType": "ANY",
          "baseTypeFullName": [
            "matrix.Matrix"
          ]
        },
        {
          "name": "matrix.Matrix./",
          "parameterTypes": [],
          "returnType": "ANY",
          "baseTypeFullName": [
            "matrix.Matrix"
          ]
        },
        {
          "name": "matrix.Matrix.matrix[range,",
          "parameterTypes": [],
          "returnType": "ANY",
          "baseTypeFullName": [
            "matrix.Matrix"
          ]
        },
        {
          "name": "matrix.Matrix.matrix[integer,",
          "parameterTypes": [],
          "returnType": "ANY",
          "baseTypeFullName": [
            "matrix.Matrix"
          ]
        },
        {
          "name": "matrix.Matrix.abs",
          "parameterTypes": [],
          "returnType": "ANY",
          "baseTypeFullName": [
            "matrix.Matrix"
          ]
        },
        {
          "name": "matrix.Matrix.adjoint",
          "parameterTypes": [],
          "returnType": "ANY",
          "baseTypeFullName": [
            "matrix.Matrix"
          ]
        },
        {
          "name": "matrix.Matrix.adjugate",
          "parameterTypes": [],
          "returnType": "ANY",
          "baseTypeFullName": [
            "matrix.Matrix"
          ]
        },
        {
          "name": "matrix.Matrix.antisymmetric",
          "parameterTypes": [],
          "returnType": "ANY",
          "baseTypeFullName": [
            "matrix.Matrix"
          ]
        },
        {
          "name": "matrix.Matrix.coerce",
          "parameterTypes": [],
          "returnType": "ANY",
          "baseTypeFullName": [
            "matrix.Matrix"
          ]
        },
        {
          "name": "matrix.Matrix.cofactor",
          "parameterTypes": [],
          "returnType": "ANY",
          "baseTypeFullName": [
            "matrix.Matrix"
          ]
        },
        {
          "name": "matrix.Matrix.cofactor_expansion",
          "parameterTypes": [],
          "returnType": "ANY",
          "baseTypeFullName": [
            "matrix.Matrix"
          ]
        },
        {
          "name": "matrix.Matrix.collect",
          "parameterTypes": [],
          "returnType": "ANY",
          "baseTypeFullName": [
            "matrix.Matrix"
          ]
        },
        {
          "name": "matrix.Matrix.column",
          "parameterTypes": [],
          "returnType": "ANY",
          "baseTypeFullName": [
            "matrix.Matrix"
          ]
        },
        {
          "name": "matrix.Matrix.column_vectors",
          "parameterTypes": [],
          "returnType": "ANY",
          "baseTypeFullName": [
            "matrix.Matrix"
          ]
        },
        {
          "name": "matrix.Matrix.component",
          "parameterTypes": [],
          "returnType": "ANY",
          "baseTypeFullName": [
            "matrix.Matrix"
          ]
        },
        {
          "name": "matrix.Matrix.conj",
          "parameterTypes": [],
          "returnType": "ANY",
          "baseTypeFullName": [
            "matrix.Matrix"
          ]
        },
        {
          "name": "matrix.Matrix.conjugate",
          "parameterTypes": [],
          "returnType": "ANY",
          "baseTypeFullName": [
            "matrix.Matrix"
          ]
        },
        {
          "name": "matrix.Matrix.det",
          "parameterTypes": [],
          "returnType": "ANY",
          "baseTypeFullName": [
            "matrix.Matrix"
          ]
        },
        {
          "name": "matrix.Matrix.det_e",
          "parameterTypes": [],
          "returnType": "ANY",
          "baseTypeFullName": [
            "matrix.Matrix"
          ]
        },
        {
          "name": "matrix.Matrix.determinant",
          "parameterTypes": [],
          "returnType": "ANY",
          "baseTypeFullName": [
            "matrix.Matrix"
          ]
        },
        {
          "name": "matrix.Matrix.determinant_e",
          "parameterTypes": [],
          "returnType": "ANY",
          "baseTypeFullName": [
            "matrix.Matrix"
          ]
        },
        {
          "name": "matrix.Matrix.each",
          "parameterTypes": [],
          "returnType": "ANY",
          "baseTypeFullName": [
            "matrix.Matrix"
          ]
        },
        {
          "name": "matrix.Matrix.each_with_index",
          "parameterTypes": [],
          "returnType": "ANY",
          "baseTypeFullName": [
            "matrix.Matrix"
          ]
        },
        {
          "name": "matrix.Matrix.eigen",
          "parameterTypes": [],
          "returnType": "ANY",
          "baseTypeFullName": [
            "matrix.Matrix"
          ]
        },
        {
          "name": "matrix.Matrix.eigensystem",
          "parameterTypes": [],
          "returnType": "ANY",
          "baseTypeFullName": [
            "matrix.Matrix"
          ]
        },
        {
          "name": "matrix.Matrix.element",
          "parameterTypes": [],
          "returnType": "ANY",
          "baseTypeFullName": [
            "matrix.Matrix"
          ]
        },
        {
          "name": "matrix.Matrix.elements_to_f",
          "parameterTypes": [],
          "returnType": "ANY",
          "baseTypeFullName": [
            "matrix.Matrix"
          ]
        },
        {
          "name": "matrix.Matrix.elements_to_i",
          "parameterTypes": [],
          "returnType": "ANY",
          "baseTypeFullName": [
            "matrix.Matrix"
          ]
        },
        {
          "name": "matrix.Matrix.elements_to_r",
          "parameterTypes": [],
          "returnType": "ANY",
          "baseTypeFullName": [
            "matrix.Matrix"
          ]
        },
        {
          "name": "matrix.Matrix.entrywise_product",
          "parameterTypes": [],
          "returnType": "ANY",
          "baseTypeFullName": [
            "matrix.Matrix"
          ]
        },
        {
          "name": "matrix.Matrix.eql",
          "parameterTypes": [],
          "returnType": "ANY",
          "baseTypeFullName": [
            "matrix.Matrix"
          ]
        },
        {
          "name": "matrix.Matrix.find_index",
          "parameterTypes": [],
          "returnType": "ANY",
          "baseTypeFullName": [
            "matrix.Matrix"
          ]
        },
        {
          "name": "matrix.Matrix.first_minor",
          "parameterTypes": [],
          "returnType": "ANY",
          "baseTypeFullName": [
            "matrix.Matrix"
          ]
        },
        {
          "name": "matrix.Matrix.freeze",
          "parameterTypes": [],
          "returnType": "ANY",
          "baseTypeFullName": [
            "matrix.Matrix"
          ]
        },
        {
          "name": "matrix.Matrix.hadamard_product",
          "parameterTypes": [],
          "returnType": "ANY",
          "baseTypeFullName": [
            "matrix.Matrix"
          ]
        },
        {
          "name": "matrix.Matrix.hash",
          "parameterTypes": [],
          "returnType": "ANY",
          "baseTypeFullName": [
            "matrix.Matrix"
          ]
        },
        {
          "name": "matrix.Matrix.hermitian",
          "parameterTypes": [],
          "returnType": "ANY",
          "baseTypeFullName": [
            "matrix.Matrix"
          ]
        },
        {
          "name": "matrix.Matrix.imag",
          "parameterTypes": [],
          "returnType": "ANY",
          "baseTypeFullName": [
            "matrix.Matrix"
          ]
        },
        {
          "name": "matrix.Matrix.imaginary",
          "parameterTypes": [],
          "returnType": "ANY",
          "baseTypeFullName": [
            "matrix.Matrix"
          ]
        },
        {
          "name": "matrix.Matrix.index",
          "parameterTypes": [],
          "returnType": "ANY",
          "baseTypeFullName": [
            "matrix.Matrix"
          ]
        },
        {
          "name": "matrix.Matrix.inspect",
          "parameterTypes": [],
          "returnType": "ANY",
          "baseTypeFullName": [
            "matrix.Matrix"
          ]
        },
        {
          "name": "matrix.Matrix.inv",
          "parameterTypes": [],
          "returnType": "ANY",
          "baseTypeFullName": [
            "matrix.Matrix"
          ]
        },
        {
          "name": "matrix.Matrix.inverse",
          "parameterTypes": [],
          "returnType": "ANY",
          "baseTypeFullName": [
            "matrix.Matrix"
          ]
        },
        {
          "name": "matrix.Matrix.laplace_expansion",
          "parameterTypes": [],
          "returnType": "ANY",
          "baseTypeFullName": [
            "matrix.Matrix"
          ]
        },
        {
          "name": "matrix.Matrix.lower_triangular",
          "parameterTypes": [],
          "returnType": "ANY",
          "baseTypeFullName": [
            "matrix.Matrix"
          ]
        },
        {
          "name": "matrix.Matrix.lup",
          "parameterTypes": [],
          "returnType": "ANY",
          "baseTypeFullName": [
            "matrix.Matrix"
          ]
        },
        {
          "name": "matrix.Matrix.lup_decomposition",
          "parameterTypes": [],
          "returnType": "ANY",
          "baseTypeFullName": [
            "matrix.Matrix"
          ]
        },
        {
          "name": "matrix.Matrix.map",
          "parameterTypes": [],
          "returnType": "ANY",
          "baseTypeFullName": [
            "matrix.Matrix"
          ]
        },
        {
          "name": "matrix.Matrix.minor",
          "parameterTypes": [],
          "returnType": "ANY",
          "baseTypeFullName": [
            "matrix.Matrix"
          ]
        },
        {
          "name": "matrix.Matrix.normal",
          "parameterTypes": [],
          "returnType": "ANY",
          "baseTypeFullName": [
            "matrix.Matrix"
          ]
        },
        {
          "name": "matrix.Matrix.orthogonal",
          "parameterTypes": [],
          "returnType": "ANY",
          "baseTypeFullName": [
            "matrix.Matrix"
          ]
        },
        {
          "name": "matrix.Matrix.permutation",
          "parameterTypes": [],
          "returnType": "ANY",
          "baseTypeFullName": [
            "matrix.Matrix"
          ]
        },
        {
          "name": "matrix.Matrix.rank",
          "parameterTypes": [],
          "returnType": "ANY",
          "baseTypeFullName": [
            "matrix.Matrix"
          ]
        },
        {
          "name": "matrix.Matrix.rank_e",
          "parameterTypes": [],
          "returnType": "ANY",
          "baseTypeFullName": [
            "matrix.Matrix"
          ]
        },
        {
          "name": "matrix.Matrix.real",
          "parameterTypes": [],
          "returnType": "ANY",
          "baseTypeFullName": [
            "matrix.Matrix"
          ]
        },
        {
          "name": "matrix.Matrix.rect",
          "parameterTypes": [],
          "returnType": "ANY",
          "baseTypeFullName": [
            "matrix.Matrix"
          ]
        },
        {
          "name": "matrix.Matrix.rectangular",
          "parameterTypes": [],
          "returnType": "ANY",
          "baseTypeFullName": [
            "matrix.Matrix"
          ]
        },
        {
          "name": "matrix.Matrix.regular",
          "parameterTypes": [],
          "returnType": "ANY",
          "baseTypeFullName": [
            "matrix.Matrix"
          ]
        },
        {
          "name": "matrix.Matrix.rotate_entries",
          "parameterTypes": [],
          "returnType": "ANY",
          "baseTypeFullName": [
            "matrix.Matrix"
          ]
        },
        {
          "name": "matrix.Matrix.round",
          "parameterTypes": [],
          "returnType": "ANY",
          "baseTypeFullName": [
            "matrix.Matrix"
          ]
        },
        {
          "name": "matrix.Matrix.row",
          "parameterTypes": [],
          "returnType": "ANY",
          "baseTypeFullName": [
            "matrix.Matrix"
          ]
        },
        {
          "name": "matrix.Matrix.row_count",
          "parameterTypes": [],
          "returnType": "ANY",
          "baseTypeFullName": [
            "matrix.Matrix"
          ]
        },
        {
          "name": "matrix.Matrix.row_size",
          "parameterTypes": [],
          "returnType": "ANY",
          "baseTypeFullName": [
            "matrix.Matrix"
          ]
        },
        {
          "name": "matrix.Matrix.row_vectors",
          "parameterTypes": [],
          "returnType": "ANY",
          "baseTypeFullName": [
            "matrix.Matrix"
          ]
        },
        {
          "name": "matrix.Matrix.singular",
          "parameterTypes": [],
          "returnType": "ANY",
          "baseTypeFullName": [
            "matrix.Matrix"
          ]
        },
        {
          "name": "matrix.Matrix.skew_symmetric",
          "parameterTypes": [],
          "returnType": "ANY",
          "baseTypeFullName": [
            "matrix.Matrix"
          ]
        },
        {
          "name": "matrix.Matrix.square",
          "parameterTypes": [],
          "returnType": "ANY",
          "baseTypeFullName": [
            "matrix.Matrix"
          ]
        },
        {
          "name": "matrix.Matrix.symmetric",
          "parameterTypes": [],
          "returnType": "ANY",
          "baseTypeFullName": [
            "matrix.Matrix"
          ]
        },
        {
          "name": "matrix.Matrix.t",
          "parameterTypes": [],
          "returnType": "ANY",
          "baseTypeFullName": [
            "matrix.Matrix"
          ]
        },
        {
          "name": "matrix.Matrix.to_a",
          "parameterTypes": [],
          "returnType": "ANY",
          "baseTypeFullName": [
            "matrix.Matrix"
          ]
        },
        {
          "name": "matrix.Matrix.to_matrix",
          "parameterTypes": [],
          "returnType": "ANY",
          "baseTypeFullName": [
            "matrix.Matrix"
          ]
        },
        {
          "name": "matrix.Matrix.to_s",
          "parameterTypes": [],
          "returnType": "ANY",
          "baseTypeFullName": [
            "matrix.Matrix"
          ]
        },
        {
          "name": "matrix.Matrix.tr",
          "parameterTypes": [],
          "returnType": "ANY",
          "baseTypeFullName": [
            "matrix.Matrix"
          ]
        },
        {
          "name": "matrix.Matrix.trace",
          "parameterTypes": [],
          "returnType": "ANY",
          "baseTypeFullName": [
            "matrix.Matrix"
          ]
        },
        {
          "name": "matrix.Matrix.transpose",
          "parameterTypes": [],
          "returnType": "ANY",
          "baseTypeFullName": [
            "matrix.Matrix"
          ]
        },
        {
          "name": "matrix.Matrix.unitary",
          "parameterTypes": [],
          "returnType": "ANY",
          "baseTypeFullName": [
            "matrix.Matrix"
          ]
        },
        {
          "name": "matrix.Matrix.upper_triangular",
          "parameterTypes": [],
          "returnType": "ANY",
          "baseTypeFullName": [
            "matrix.Matrix"
          ]
        }
      ],
      "fields": []
    },
    {
      "name": "matrix.Vector",
      "methods": [
        {
          "name": "matrix.Vector.[]",
          "parameterTypes": [],
          "returnType": "ANY",
          "baseTypeFullName": [
            "matrix.Vector"
          ]
        },
        {
          "name": "matrix.Vector.basis",
          "parameterTypes": [],
          "returnType": "ANY",
          "baseTypeFullName": [
            "matrix.Vector"
          ]
        },
        {
          "name": "matrix.Vector.elements",
          "parameterTypes": [],
          "returnType": "ANY",
          "baseTypeFullName": [
            "matrix.Vector"
          ]
        },
        {
          "name": "matrix.Vector.independent",
          "parameterTypes": [],
          "returnType": "ANY",
          "baseTypeFullName": [
            "matrix.Vector"
          ]
        },
        {
          "name": "matrix.Vector.new",
          "parameterTypes": [],
          "returnType": "ANY",
          "baseTypeFullName": [
            "matrix.Vector"
          ]
        },
        {
          "name": "matrix.Vector.zero",
          "parameterTypes": [],
          "returnType": "ANY",
          "baseTypeFullName": [
            "matrix.Vector"
          ]
        },
        {
          "name": "matrix.Vector.*",
          "parameterTypes": [],
          "returnType": "ANY",
          "baseTypeFullName": [
            "matrix.Vector"
          ]
        },
        {
          "name": "matrix.Vector.+",
          "parameterTypes": [],
          "returnType": "ANY",
          "baseTypeFullName": [
            "matrix.Vector"
          ]
        },
        {
          "name": "matrix.Vector.+@",
          "parameterTypes": [],
          "returnType": "ANY",
          "baseTypeFullName": [
            "matrix.Vector"
          ]
        },
        {
          "name": "matrix.Vector.-",
          "parameterTypes": [],
          "returnType": "ANY",
          "baseTypeFullName": [
            "matrix.Vector"
          ]
        },
        {
          "name": "matrix.Vector.-@",
          "parameterTypes": [],
          "returnType": "ANY",
          "baseTypeFullName": [
            "matrix.Vector"
          ]
        },
        {
          "name": "matrix.Vector./",
          "parameterTypes": [],
          "returnType": "ANY",
          "baseTypeFullName": [
            "matrix.Vector"
          ]
        },
        {
          "name": "matrix.Vector.vector[range]",
          "parameterTypes": [],
          "returnType": "ANY",
          "baseTypeFullName": [
            "matrix.Vector"
          ]
        },
        {
          "name": "matrix.Vector.vector[integer]",
          "parameterTypes": [],
          "returnType": "ANY",
          "baseTypeFullName": [
            "matrix.Vector"
          ]
        },
        {
          "name": "matrix.Vector.angle_with",
          "parameterTypes": [],
          "returnType": "ANY",
          "baseTypeFullName": [
            "matrix.Vector"
          ]
        },
        {
          "name": "matrix.Vector.coerce",
          "parameterTypes": [],
          "returnType": "ANY",
          "baseTypeFullName": [
            "matrix.Vector"
          ]
        },
        {
          "name": "matrix.Vector.collect",
          "parameterTypes": [],
          "returnType": "ANY",
          "baseTypeFullName": [
            "matrix.Vector"
          ]
        },
        {
          "name": "matrix.Vector.collect2",
          "parameterTypes": [],
          "returnType": "ANY",
          "baseTypeFullName": [
            "matrix.Vector"
          ]
        },
        {
          "name": "matrix.Vector.component",
          "parameterTypes": [],
          "returnType": "ANY",
          "baseTypeFullName": [
            "matrix.Vector"
          ]
        },
        {
          "name": "matrix.Vector.covector",
          "parameterTypes": [],
          "returnType": "ANY",
          "baseTypeFullName": [
            "matrix.Vector"
          ]
        },
        {
          "name": "matrix.Vector.cross",
          "parameterTypes": [],
          "returnType": "ANY",
          "baseTypeFullName": [
            "matrix.Vector"
          ]
        },
        {
          "name": "matrix.Vector.cross_product",
          "parameterTypes": [],
          "returnType": "ANY",
          "baseTypeFullName": [
            "matrix.Vector"
          ]
        },
        {
          "name": "matrix.Vector.dot",
          "parameterTypes": [],
          "returnType": "ANY",
          "baseTypeFullName": [
            "matrix.Vector"
          ]
        },
        {
          "name": "matrix.Vector.each",
          "parameterTypes": [],
          "returnType": "ANY",
          "baseTypeFullName": [
            "matrix.Vector"
          ]
        },
        {
          "name": "matrix.Vector.each2",
          "parameterTypes": [],
          "returnType": "ANY",
          "baseTypeFullName": [
            "matrix.Vector"
          ]
        },
        {
          "name": "matrix.Vector.element",
          "parameterTypes": [],
          "returnType": "ANY",
          "baseTypeFullName": [
            "matrix.Vector"
          ]
        },
        {
          "name": "matrix.Vector.elements_to_f",
          "parameterTypes": [],
          "returnType": "ANY",
          "baseTypeFullName": [
            "matrix.Vector"
          ]
        },
        {
          "name": "matrix.Vector.elements_to_i",
          "parameterTypes": [],
          "returnType": "ANY",
          "baseTypeFullName": [
            "matrix.Vector"
          ]
        },
        {
          "name": "matrix.Vector.elements_to_r",
          "parameterTypes": [],
          "returnType": "ANY",
          "baseTypeFullName": [
            "matrix.Vector"
          ]
        },
        {
          "name": "matrix.Vector.eql",
          "parameterTypes": [],
          "returnType": "ANY",
          "baseTypeFullName": [
            "matrix.Vector"
          ]
        },
        {
          "name": "matrix.Vector.freeze",
          "parameterTypes": [],
          "returnType": "ANY",
          "baseTypeFullName": [
            "matrix.Vector"
          ]
        },
        {
          "name": "matrix.Vector.hash",
          "parameterTypes": [],
          "returnType": "ANY",
          "baseTypeFullName": [
            "matrix.Vector"
          ]
        },
        {
          "name": "matrix.Vector.inner_product",
          "parameterTypes": [],
          "returnType": "ANY",
          "baseTypeFullName": [
            "matrix.Vector"
          ]
        },
        {
          "name": "matrix.Vector.inspect",
          "parameterTypes": [],
          "returnType": "ANY",
          "baseTypeFullName": [
            "matrix.Vector"
          ]
        },
        {
          "name": "matrix.Vector.magnitude",
          "parameterTypes": [],
          "returnType": "ANY",
          "baseTypeFullName": [
            "matrix.Vector"
          ]
        },
        {
          "name": "matrix.Vector.map",
          "parameterTypes": [],
          "returnType": "ANY",
          "baseTypeFullName": [
            "matrix.Vector"
          ]
        },
        {
          "name": "matrix.Vector.map2",
          "parameterTypes": [],
          "returnType": "ANY",
          "baseTypeFullName": [
            "matrix.Vector"
          ]
        },
        {
          "name": "matrix.Vector.norm",
          "parameterTypes": [],
          "returnType": "ANY",
          "baseTypeFullName": [
            "matrix.Vector"
          ]
        },
        {
          "name": "matrix.Vector.normalize",
          "parameterTypes": [],
          "returnType": "ANY",
          "baseTypeFullName": [
            "matrix.Vector"
          ]
        },
        {
          "name": "matrix.Vector.r",
          "parameterTypes": [],
          "returnType": "ANY",
          "baseTypeFullName": [
            "matrix.Vector"
          ]
        },
        {
          "name": "matrix.Vector.round",
          "parameterTypes": [],
          "returnType": "ANY",
          "baseTypeFullName": [
            "matrix.Vector"
          ]
        },
        {
          "name": "matrix.Vector.size",
          "parameterTypes": [],
          "returnType": "ANY",
          "baseTypeFullName": [
            "matrix.Vector"
          ]
        },
        {
          "name": "matrix.Vector.to_a",
          "parameterTypes": [],
          "returnType": "ANY",
          "baseTypeFullName": [
            "matrix.Vector"
          ]
        },
        {
          "name": "matrix.Vector.to_matrix",
          "parameterTypes": [],
          "returnType": "ANY",
          "baseTypeFullName": [
            "matrix.Vector"
          ]
        },
        {
          "name": "matrix.Vector.to_s",
          "parameterTypes": [],
          "returnType": "ANY",
          "baseTypeFullName": [
            "matrix.Vector"
          ]
        }
      ],
      "fields": []
    }
  ]
}