{
  "mkmf": [
    {
      "name": "mkmf.MakeMakefile",
      "methods": [
        {
          "name": "mkmf.MakeMakefile.append_cflags",
          "parameterTypes": [],
          "returnType": "ANY",
          "baseTypeFullName": [
            "mkmf.MakeMakefile"
          ]
        },
        {
          "name": "mkmf.MakeMakefile.check_signedness",
          "parameterTypes": [],
          "returnType": "ANY",
          "baseTypeFullName": [
            "mkmf.MakeMakefile"
          ]
        },
        {
          "name": "mkmf.MakeMakefile.check_sizeof",
          "parameterTypes": [],
          "returnType": "ANY",
          "baseTypeFullName": [
            "mkmf.MakeMakefile"
          ]
        },
        {
          "name": "mkmf.MakeMakefile.convertible_int",
          "parameterTypes": [],
          "returnType": "ANY",
          "baseTypeFullName": [
            "mkmf.MakeMakefile"
          ]
        },
        {
          "name": "mkmf.MakeMakefile.create_header",
          "parameterTypes": [],
          "returnType": "ANY",
          "baseTypeFullName": [
            "mkmf.MakeMakefile"
          ]
        },
        {
          "name": "mkmf.MakeMakefile.create_makefile",
          "parameterTypes": [],
          "returnType": "ANY",
          "baseTypeFullName": [
            "mkmf.MakeMakefile"
          ]
        },
        {
          "name": "mkmf.MakeMakefile.depend_rules",
          "parameterTypes": [],
          "returnType": "ANY",
          "baseTypeFullName": [
            "mkmf.MakeMakefile"
          ]
        },
        {
          "name": "mkmf.MakeMakefile.dir_config",
          "parameterTypes": [],
          "returnType": "ANY",
          "baseTypeFullName": [
            "mkmf.MakeMakefile"
          ]
        },
        {
          "name": "mkmf.MakeMakefile.dummy_makefile",
          "parameterTypes": [],
          "returnType": "ANY",
          "baseTypeFullName": [
            "mkmf.MakeMakefile"
          ]
        },
        {
          "name": "mkmf.MakeMakefile.enable_config",
          "parameterTypes": [],
          "returnType": "ANY",
          "baseTypeFullName": [
            "mkmf.MakeMakefile"
          ]
        },
        {
          "name": "mkmf.MakeMakefile.find_executable",
          "parameterTypes": [],
          "returnType": "ANY",
          "baseTypeFullName": [
            "mkmf.MakeMakefile"
          ]
        },
        {
          "name": "mkmf.MakeMakefile.find_header",
          "parameterTypes": [],
          "returnType": "ANY",
          "baseTypeFullName": [
            "mkmf.MakeMakefile"
          ]
        },
        {
          "name": "mkmf.MakeMakefile.find_library",
          "parameterTypes": [],
          "returnType": "ANY",
          "baseTypeFullName": [
            "mkmf.MakeMakefile"
          ]
        },
        {
          "name": "mkmf.MakeMakefile.find_type",
          "parameterTypes": [],
          "returnType": "ANY",
          "baseTypeFullName": [
            "mkmf.MakeMakefile"
          ]
        },
        {
          "name": "mkmf.MakeMakefile.have_const",
          "parameterTypes": [],
          "returnType": "ANY",
          "baseTypeFullName": [
            "mkmf.MakeMakefile"
          ]
        },
        {
          "name": "mkmf.MakeMakefile.have_framework",
          "parameterTypes": [],
          "returnType": "ANY",
          "baseTypeFullName": [
            "mkmf.MakeMakefile"
          ]
        },
        {
          "name": "mkmf.MakeMakefile.have_func",
          "parameterTypes": [],
          "returnType": "ANY",
          "baseTypeFullName": [
            "mkmf.MakeMakefile"
          ]
        },
        {
          "name": "mkmf.MakeMakefile.have_header",
          "parameterTypes": [],
          "returnType": "ANY",
          "baseTypeFullName": [
            "mkmf.MakeMakefile"
          ]
        },
        {
          "name": "mkmf.MakeMakefile.have_library",
          "parameterTypes": [],
          "returnType": "ANY",
          "baseTypeFullName": [
            "mkmf.MakeMakefile"
          ]
        },
        {
          "name": "mkmf.MakeMakefile.have_macro",
          "parameterTypes": [],
          "returnType": "ANY",
          "baseTypeFullName": [
            "mkmf.MakeMakefile"
          ]
        },
        {
          "name": "mkmf.MakeMakefile.have_struct_member",
          "parameterTypes": [],
          "returnType": "ANY",
          "baseTypeFullName": [
            "mkmf.MakeMakefile"
          ]
        },
        {
          "name": "mkmf.MakeMakefile.have_type",
          "parameterTypes": [],
          "returnType": "ANY",
          "baseTypeFullName": [
            "mkmf.MakeMakefile"
          ]
        },
        {
          "name": "mkmf.MakeMakefile.have_var",
          "parameterTypes": [],
          "returnType": "ANY",
          "baseTypeFullName": [
            "mkmf.MakeMakefile"
          ]
        },
        {
          "name": "mkmf.MakeMakefile.pkg_config",
          "parameterTypes": [],
          "returnType": "ANY",
          "baseTypeFullName": [
            "mkmf.MakeMakefile"
          ]
        },
        {
          "name": "mkmf.MakeMakefile.try_const",
          "parameterTypes": [],
          "returnType": "ANY",
          "baseTypeFullName": [
            "mkmf.MakeMakefile"
          ]
        },
        {
          "name": "mkmf.MakeMakefile.try_type",
          "parameterTypes": [],
          "returnType": "ANY",
          "baseTypeFullName": [
            "mkmf.MakeMakefile"
          ]
        },
        {
          "name": "mkmf.MakeMakefile.with_config",
          "parameterTypes": [],
          "returnType": "ANY",
          "baseTypeFullName": [
            "mkmf.MakeMakefile"
          ]
        }
      ],
      "fields": []
    }
  ]
}