{
  "mutex_m": [
    {
      "name": "mutex_m.Mutex_m",
      "methods": [
        {
          "name": "mutex_m.Mutex_m.mu_lock",
          "parameterTypes": [],
          "returnType": "ANY",
          "baseTypeFullName": [
            "mutex_m.Mutex_m"
          ]
        },
        {
          "name": "mutex_m.Mutex_m.mu_locked",
          "parameterTypes": [],
          "returnType": "ANY",
          "baseTypeFullName": [
            "mutex_m.Mutex_m"
          ]
        },
        {
          "name": "mutex_m.Mutex_m.mu_synchronize",
          "parameterTypes": [],
          "returnType": "ANY",
          "baseTypeFullName": [
            "mutex_m.Mutex_m"
          ]
        },
        {
          "name": "mutex_m.Mutex_m.mu_try_lock",
          "parameterTypes": [],
          "returnType": "ANY",
          "baseTypeFullName": [
            "mutex_m.Mutex_m"
          ]
        },
        {
          "name": "mutex_m.Mutex_m.mu_unlock",
          "parameterTypes": [],
          "returnType": "ANY",
          "baseTypeFullName": [
            "mutex_m.Mutex_m"
          ]
        },
        {
          "name": "mutex_m.Mutex_m.sleep",
          "parameterTypes": [],
          "returnType": "ANY",
          "baseTypeFullName": [
            "mutex_m.Mutex_m"
          ]
        }
      ],
      "fields": []
    }
  ]
}