{
  "objspace": [
    {
      "name": "objspace.Kernel",
      "methods": [],
      "fields": []
    },
    {
      "name": "objspace.ObjectSpace",
      "methods": [
        {
          "name": "objspace.ObjectSpace.allocation_class_path",
          "parameterTypes": [],
          "returnType": "ANY",
          "baseTypeFullName": [
            "objspace.ObjectSpace"
          ]
        },
        {
          "name": "objspace.ObjectSpace.allocation_generation",
          "parameterTypes": [],
          "returnType": "ANY",
          "baseTypeFullName": [
            "objspace.ObjectSpace"
          ]
        },
        {
          "name": "objspace.ObjectSpace.allocation_method_id",
          "parameterTypes": [],
          "returnType": "ANY",
          "baseTypeFullName": [
            "objspace.ObjectSpace"
          ]
        },
        {
          "name": "objspace.ObjectSpace.allocation_sourcefile",
          "parameterTypes": [],
          "returnType": "ANY",
          "baseTypeFullName": [
            "objspace.ObjectSpace"
          ]
        },
        {
          "name": "objspace.ObjectSpace.allocation_sourceline",
          "parameterTypes": [],
          "returnType": "ANY",
          "baseTypeFullName": [
            "objspace.ObjectSpace"
          ]
        },
        {
          "name": "objspace.ObjectSpace.count_imemo_objects",
          "parameterTypes": [],
          "returnType": "ANY",
          "baseTypeFullName": [
            "objspace.ObjectSpace"
          ]
        },
        {
          "name": "objspace.ObjectSpace.count_nodes",
          "parameterTypes": [],
          "returnType": "ANY",
          "baseTypeFullName": [
            "objspace.ObjectSpace"
          ]
        },
        {
          "name": "objspace.ObjectSpace.count_objects_size",
          "parameterTypes": [],
          "returnType": "ANY",
          "baseTypeFullName": [
            "objspace.ObjectSpace"
          ]
        },
        {
          "name": "objspace.ObjectSpace.count_symbols",
          "parameterTypes": [],
          "returnType": "ANY",
          "baseTypeFullName": [
            "objspace.ObjectSpace"
          ]
        },
        {
          "name": "objspace.ObjectSpace.count_tdata_objects",
          "parameterTypes": [],
          "returnType": "ANY",
          "baseTypeFullName": [
            "objspace.ObjectSpace"
          ]
        },
        {
          "name": "objspace.ObjectSpace.internal_class_of",
          "parameterTypes": [],
          "returnType": "ANY",
          "baseTypeFullName": [
            "objspace.ObjectSpace"
          ]
        },
        {
          "name": "objspace.ObjectSpace.internal_super_of",
          "parameterTypes": [],
          "returnType": "ANY",
          "baseTypeFullName": [
            "objspace.ObjectSpace"
          ]
        },
        {
          "name": "objspace.ObjectSpace.memsize_of",
          "parameterTypes": [],
          "returnType": "ANY",
          "baseTypeFullName": [
            "objspace.ObjectSpace"
          ]
        },
        {
          "name": "objspace.ObjectSpace.memsize_of_all",
          "parameterTypes": [],
          "returnType": "ANY",
          "baseTypeFullName": [
            "objspace.ObjectSpace"
          ]
        },
        {
          "name": "objspace.ObjectSpace.reachable_objects_from",
          "parameterTypes": [],
          "returnType": "ANY",
          "baseTypeFullName": [
            "objspace.ObjectSpace"
          ]
        },
        {
          "name": "objspace.ObjectSpace.reachable_objects_from_root",
          "parameterTypes": [],
          "returnType": "ANY",
          "baseTypeFullName": [
            "objspace.ObjectSpace"
          ]
        },
        {
          "name": "objspace.ObjectSpace.trace_object_allocations",
          "parameterTypes": [],
          "returnType": "ANY",
          "baseTypeFullName": [
            "objspace.ObjectSpace"
          ]
        },
        {
          "name": "objspace.ObjectSpace.trace_object_allocations_clear",
          "parameterTypes": [],
          "returnType": "ANY",
          "baseTypeFullName": [
            "objspace.ObjectSpace"
          ]
        },
        {
          "name": "objspace.ObjectSpace.trace_object_allocations_debug_start",
          "parameterTypes": [],
          "returnType": "ANY",
          "baseTypeFullName": [
            "objspace.ObjectSpace"
          ]
        },
        {
          "name": "objspace.ObjectSpace.trace_object_allocations_start",
          "parameterTypes": [],
          "returnType": "ANY",
          "baseTypeFullName": [
            "objspace.ObjectSpace"
          ]
        },
        {
          "name": "objspace.ObjectSpace.trace_object_allocations_stop",
          "parameterTypes": [],
          "returnType": "ANY",
          "baseTypeFullName": [
            "objspace.ObjectSpace"
          ]
        },
        {
          "name": "objspace.ObjectSpace.dump",
          "parameterTypes": [],
          "returnType": "ANY",
          "baseTypeFullName": [
            "objspace.ObjectSpace"
          ]
        },
        {
          "name": "objspace.ObjectSpace.dump_all",
          "parameterTypes": [],
          "returnType": "ANY",
          "baseTypeFullName": [
            "objspace.ObjectSpace"
          ]
        },
        {
          "name": "objspace.ObjectSpace.dump_shapes",
          "parameterTypes": [],
          "returnType": "ANY",
          "baseTypeFullName": [
            "objspace.ObjectSpace"
          ]
        }
      ],
      "fields": []
    }
  ],
  "objspace.ObjectSpace": [
    {
      "name": "objspace.ObjectSpace.InternalObjectWrapper",
      "methods": [
        {
          "name": "objspace.ObjectSpace.InternalObjectWrapper.inspect",
          "parameterTypes": [],
          "returnType": "ANY",
          "baseTypeFullName": [
            "objspace.ObjectSpace.InternalObjectWrapper"
          ]
        },
        {
          "name": "objspace.ObjectSpace.InternalObjectWrapper.internal_object_id",
          "parameterTypes": [],
          "returnType": "ANY",
          "baseTypeFullName": [
            "objspace.ObjectSpace.InternalObjectWrapper"
          ]
        },
        {
          "name": "objspace.ObjectSpace.InternalObjectWrapper.type",
          "parameterTypes": [],
          "returnType": "ANY",
          "baseTypeFullName": [
            "objspace.ObjectSpace.InternalObjectWrapper"
          ]
        }
      ],
      "fields": []
    }
  ]
}