{
  "observer": [
    {
      "name": "observer.Observable",
      "methods": [
        {
          "name": "observer.Observable.add_observer",
          "parameterTypes": [],
          "returnType": "ANY",
          "baseTypeFullName": [
            "observer.Observable"
          ]
        },
        {
          "name": "observer.Observable.changed",
          "parameterTypes": [],
          "returnType": "ANY",
          "baseTypeFullName": [
            "observer.Observable"
          ]
        },
        {
          "name": "observer.Observable.count_observers",
          "parameterTypes": [],
          "returnType": "ANY",
          "baseTypeFullName": [
            "observer.Observable"
          ]
        },
        {
          "name": "observer.Observable.delete_observer",
          "parameterTypes": [],
          "returnType": "ANY",
          "baseTypeFullName": [
            "observer.Observable"
          ]
        },
        {
          "name": "observer.Observable.delete_observers",
          "parameterTypes": [],
          "returnType": "ANY",
          "baseTypeFullName": [
            "observer.Observable"
          ]
        },
        {
          "name": "observer.Observable.notify_observers",
          "parameterTypes": [],
          "returnType": "ANY",
          "baseTypeFullName": [
            "observer.Observable"
          ]
        }
      ],
      "fields": []
    }
  ]
}