{
  "open3": [
    {
      "name": "open3.Open3",
      "methods": [
        {
          "name": "open3.Open3.capture2",
          "parameterTypes": [],
          "returnType": "ANY",
          "baseTypeFullName": [
            "open3.Open3"
          ]
        },
        {
          "name": "open3.Open3.capture2e",
          "parameterTypes": [],
          "returnType": "ANY",
          "baseTypeFullName": [
            "open3.Open3"
          ]
        },
        {
          "name": "open3.Open3.capture3",
          "parameterTypes": [],
          "returnType": "ANY",
          "baseTypeFullName": [
            "open3.Open3"
          ]
        },
        {
          "name": "open3.Open3.pipeline",
          "parameterTypes": [],
          "returnType": "ANY",
          "baseTypeFullName": [
            "open3.Open3"
          ]
        },
        {
          "name": "open3.Open3.pipeline_r",
          "parameterTypes": [],
          "returnType": "ANY",
          "baseTypeFullName": [
            "open3.Open3"
          ]
        },
        {
          "name": "open3.Open3.pipeline_rw",
          "parameterTypes": [],
          "returnType": "ANY",
          "baseTypeFullName": [
            "open3.Open3"
          ]
        },
        {
          "name": "open3.Open3.pipeline_start",
          "parameterTypes": [],
          "returnType": "ANY",
          "baseTypeFullName": [
            "open3.Open3"
          ]
        },
        {
          "name": "open3.Open3.pipeline_w",
          "parameterTypes": [],
          "returnType": "ANY",
          "baseTypeFullName": [
            "open3.Open3"
          ]
        },
        {
          "name": "open3.Open3.popen2",
          "parameterTypes": [],
          "returnType": "ANY",
          "baseTypeFullName": [
            "open3.Open3"
          ]
        },
        {
          "name": "open3.Open3.popen2e",
          "parameterTypes": [],
          "returnType": "ANY",
          "baseTypeFullName": [
            "open3.Open3"
          ]
        },
        {
          "name": "open3.Open3.popen3",
          "parameterTypes": [],
          "returnType": "ANY",
          "baseTypeFullName": [
            "open3.Open3"
          ]
        }
      ],
      "fields": []
    }
  ]
}