{
  "open-uri": [
    {
      "name": "open-uri.OpenURI",
      "methods": [],
      "fields": []
    },
    {
      "name": "open-uri.URI",
      "methods": [
        {
          "name": "open-uri.URI.open",
          "parameterTypes": [],
          "returnType": "ANY",
          "baseTypeFullName": [
            "open-uri.URI"
          ]
        }
      ],
      "fields": []
    }
  ],
  "open-uri.OpenURI": [
    {
      "name": "open-uri.OpenURI.HTTPError",
      "methods": [
        {
          "name": "open-uri.OpenURI.HTTPError.new",
          "parameterTypes": [],
          "returnType": "ANY",
          "baseTypeFullName": [
            "open-uri.OpenURI.HTTPError"
          ]
        }
      ],
      "fields": []
    },
    {
      "name": "open-uri.OpenURI.HTTPRedirect",
      "methods": [
        {
          "name": "open-uri.OpenURI.HTTPRedirect.new",
          "parameterTypes": [],
          "returnType": "ANY",
          "baseTypeFullName": [
            "open-uri.OpenURI.HTTPRedirect"
          ]
        }
      ],
      "fields": []
    },
    {
      "name": "open-uri.OpenURI.Meta",
      "methods": [
        {
          "name": "open-uri.OpenURI.Meta.charset",
          "parameterTypes": [],
          "returnType": "ANY",
          "baseTypeFullName": [
            "open-uri.OpenURI.Meta"
          ]
        },
        {
          "name": "open-uri.OpenURI.Meta.content_encoding",
          "parameterTypes": [],
          "returnType": "ANY",
          "baseTypeFullName": [
            "open-uri.OpenURI.Meta"
          ]
        },
        {
          "name": "open-uri.OpenURI.Meta.content_type",
          "parameterTypes": [],
          "returnType": "ANY",
          "baseTypeFullName": [
            "open-uri.OpenURI.Meta"
          ]
        },
        {
          "name": "open-uri.OpenURI.Meta.last_modified",
          "parameterTypes": [],
          "returnType": "ANY",
          "baseTypeFullName": [
            "open-uri.OpenURI.Meta"
          ]
        }
      ],
      "fields": []
    },
    {
      "name": "open-uri.OpenURI.OpenRead",
      "methods": [
        {
          "name": "open-uri.OpenURI.OpenRead.open",
          "parameterTypes": [],
          "returnType": "ANY",
          "baseTypeFullName": [
            "open-uri.OpenURI.OpenRead"
          ]
        },
        {
          "name": "open-uri.OpenURI.OpenRead.read",
          "parameterTypes": [],
          "returnType": "ANY",
          "baseTypeFullName": [
            "open-uri.OpenURI.OpenRead"
          ]
        }
      ],
      "fields": []
    },
    {
      "name": "open-uri.OpenURI.TooManyRedirects",
      "methods": [],
      "fields": []
    }
  ],
  "open-uri.URI": [
    {
      "name": "open-uri.URI.FTP",
      "methods": [],
      "fields": []
    },
    {
      "name": "open-uri.URI.HTTP",
      "methods": [],
      "fields": []
    }
  ]
}