{
  "ostruct": [
    {
      "name": "ostruct.OpenStruct",
      "methods": [
        {
          "name": "ostruct.OpenStruct.new",
          "parameterTypes": [],
          "returnType": "ANY",
          "baseTypeFullName": [
            "ostruct.OpenStruct"
          ]
        },
        {
          "name": "ostruct.OpenStruct.ostruct[name]",
          "parameterTypes": [],
          "returnType": "ANY",
          "baseTypeFullName": [
            "ostruct.OpenStruct"
          ]
        },
        {
          "name": "ostruct.OpenStruct.delete_field",
          "parameterTypes": [],
          "returnType": "ANY",
          "baseTypeFullName": [
            "ostruct.OpenStruct"
          ]
        },
        {
          "name": "ostruct.OpenStruct.dig",
          "parameterTypes": [],
          "returnType": "ANY",
          "baseTypeFullName": [
            "ostruct.OpenStruct"
          ]
        },
        {
          "name": "ostruct.OpenStruct.each_pair",
          "parameterTypes": [],
          "returnType": "ANY",
          "baseTypeFullName": [
            "ostruct.OpenStruct"
          ]
        },
        {
          "name": "ostruct.OpenStruct.eql",
          "parameterTypes": [],
          "returnType": "ANY",
          "baseTypeFullName": [
            "ostruct.OpenStruct"
          ]
        },
        {
          "name": "ostruct.OpenStruct.freeze",
          "parameterTypes": [],
          "returnType": "ANY",
          "baseTypeFullName": [
            "ostruct.OpenStruct"
          ]
        },
        {
          "name": "ostruct.OpenStruct.inspect",
          "parameterTypes": [],
          "returnType": "ANY",
          "baseTypeFullName": [
            "ostruct.OpenStruct"
          ]
        },
        {
          "name": "ostruct.OpenStruct.to_h",
          "parameterTypes": [],
          "returnType": "ANY",
          "baseTypeFullName": [
            "ostruct.OpenStruct"
          ]
        },
        {
          "name": "ostruct.OpenStruct.to_s",
          "parameterTypes": [],
          "returnType": "ANY",
          "baseTypeFullName": [
            "ostruct.OpenStruct"
          ]
        }
      ],
      "fields": []
    }
  ]
}