{
  "power_assert.PowerAssert.Parser": [
    {
      "name": "power_assert.PowerAssert.Parser.Branch",
      "methods": [],
      "fields": []
    },
    {
      "name": "power_assert.PowerAssert.Parser.DummyParser",
      "methods": [
        {
          "name": "power_assert.PowerAssert.Parser.DummyParser.new",
          "parameterTypes": [],
          "returnType": "ANY",
          "baseTypeFullName": [
            "power_assert.PowerAssert.Parser.DummyParser"
          ]
        },
        {
          "name": "power_assert.PowerAssert.Parser.DummyParser.call_paths",
          "parameterTypes": [],
          "returnType": "ANY",
          "baseTypeFullName": [
            "power_assert.PowerAssert.Parser.DummyParser"
          ]
        },
        {
          "name": "power_assert.PowerAssert.Parser.DummyParser.idents",
          "parameterTypes": [],
          "returnType": "ANY",
          "baseTypeFullName": [
            "power_assert.PowerAssert.Parser.DummyParser"
          ]
        }
      ],
      "fields": []
    }
  ],
  "power_assert.PowerAssert": [
    {
      "name": "power_assert.PowerAssert.BlockContext",
      "methods": [
        {
          "name": "power_assert.PowerAssert.BlockContext.new",
          "parameterTypes": [],
          "returnType": "ANY",
          "baseTypeFullName": [
            "power_assert.PowerAssert.BlockContext"
          ]
        },
        {
          "name": "power_assert.PowerAssert.BlockContext.yield",
          "parameterTypes": [],
          "returnType": "ANY",
          "baseTypeFullName": [
            "power_assert.PowerAssert.BlockContext"
          ]
        }
      ],
      "fields": []
    },
    {
      "name": "power_assert.PowerAssert.Configuration",
      "methods": [
        {
          "name": "power_assert.PowerAssert.Configuration.colorize_message",
          "parameterTypes": [],
          "returnType": "ANY",
          "baseTypeFullName": [
            "power_assert.PowerAssert.Configuration"
          ]
        },
        {
          "name": "power_assert.PowerAssert.Configuration.inspector",
          "parameterTypes": [],
          "returnType": "ANY",
          "baseTypeFullName": [
            "power_assert.PowerAssert.Configuration"
          ]
        },
        {
          "name": "power_assert.PowerAssert.Configuration.lazy_inspection",
          "parameterTypes": [],
          "returnType": "ANY",
          "baseTypeFullName": [
            "power_assert.PowerAssert.Configuration"
          ]
        }
      ],
      "fields": []
    },
    {
      "name": "power_assert.PowerAssert.Context",
      "methods": [
        {
          "name": "power_assert.PowerAssert.Context.new",
          "parameterTypes": [],
          "returnType": "ANY",
          "baseTypeFullName": [
            "power_assert.PowerAssert.Context"
          ]
        },
        {
          "name": "power_assert.PowerAssert.Context.message",
          "parameterTypes": [],
          "returnType": "ANY",
          "baseTypeFullName": [
            "power_assert.PowerAssert.Context"
          ]
        },
        {
          "name": "power_assert.PowerAssert.Context.message_proc",
          "parameterTypes": [],
          "returnType": "ANY",
          "baseTypeFullName": [
            "power_assert.PowerAssert.Context"
          ]
        }
      ],
      "fields": []
    },
    {
      "name": "power_assert.PowerAssert.Empty",
      "methods": [],
      "fields": []
    },
    {
      "name": "power_assert.PowerAssert.InspectedValue",
      "methods": [
        {
          "name": "power_assert.PowerAssert.InspectedValue.new",
          "parameterTypes": [],
          "returnType": "ANY",
          "baseTypeFullName": [
            "power_assert.PowerAssert.InspectedValue"
          ]
        },
        {
          "name": "power_assert.PowerAssert.InspectedValue.inspect",
          "parameterTypes": [],
          "returnType": "ANY",
          "baseTypeFullName": [
            "power_assert.PowerAssert.InspectedValue"
          ]
        }
      ],
      "fields": []
    },
    {
      "name": "power_assert.PowerAssert.Inspector",
      "methods": [
        {
          "name": "power_assert.PowerAssert.Inspector.new",
          "parameterTypes": [],
          "returnType": "ANY",
          "baseTypeFullName": [
            "power_assert.PowerAssert.Inspector"
          ]
        },
        {
          "name": "power_assert.PowerAssert.Inspector.inspect",
          "parameterTypes": [],
          "returnType": "ANY",
          "baseTypeFullName": [
            "power_assert.PowerAssert.Inspector"
          ]
        }
      ],
      "fields": []
    },
    {
      "name": "power_assert.PowerAssert.Parser",
      "methods": [
        {
          "name": "power_assert.PowerAssert.Parser.new",
          "parameterTypes": [],
          "returnType": "ANY",
          "baseTypeFullName": [
            "power_assert.PowerAssert.Parser"
          ]
        },
        {
          "name": "power_assert.PowerAssert.Parser.call_paths",
          "parameterTypes": [],
          "returnType": "ANY",
          "baseTypeFullName": [
            "power_assert.PowerAssert.Parser"
          ]
        },
        {
          "name": "power_assert.PowerAssert.Parser.idents",
          "parameterTypes": [],
          "returnType": "ANY",
          "baseTypeFullName": [
            "power_assert.PowerAssert.Parser"
          ]
        },
        {
          "name": "power_assert.PowerAssert.Parser.method_id_set",
          "parameterTypes": [],
          "returnType": "ANY",
          "baseTypeFullName": [
            "power_assert.PowerAssert.Parser"
          ]
        }
      ],
      "fields": []
    },
    {
      "name": "power_assert.PowerAssert.SafeInspectable",
      "methods": [
        {
          "name": "power_assert.PowerAssert.SafeInspectable.new",
          "parameterTypes": [],
          "returnType": "ANY",
          "baseTypeFullName": [
            "power_assert.PowerAssert.SafeInspectable"
          ]
        },
        {
          "name": "power_assert.PowerAssert.SafeInspectable.inspect",
          "parameterTypes": [],
          "returnType": "ANY",
          "baseTypeFullName": [
            "power_assert.PowerAssert.SafeInspectable"
          ]
        }
      ],
      "fields": []
    },
    {
      "name": "power_assert.PowerAssert.TraceContext",
      "methods": [
        {
          "name": "power_assert.PowerAssert.TraceContext.new",
          "parameterTypes": [],
          "returnType": "ANY",
          "baseTypeFullName": [
            "power_assert.PowerAssert.TraceContext"
          ]
        },
        {
          "name": "power_assert.PowerAssert.TraceContext.disable",
          "parameterTypes": [],
          "returnType": "ANY",
          "baseTypeFullName": [
            "power_assert.PowerAssert.TraceContext"
          ]
        },
        {
          "name": "power_assert.PowerAssert.TraceContext.enable",
          "parameterTypes": [],
          "returnType": "ANY",
          "baseTypeFullName": [
            "power_assert.PowerAssert.TraceContext"
          ]
        },
        {
          "name": "power_assert.PowerAssert.TraceContext.enabled",
          "parameterTypes": [],
          "returnType": "ANY",
          "baseTypeFullName": [
            "power_assert.PowerAssert.TraceContext"
          ]
        }
      ],
      "fields": []
    }
  ],
  "power_assert": [
    {
      "name": "power_assert.PowerAssert",
      "methods": [
        {
          "name": "power_assert.PowerAssert.app_caller_locations",
          "parameterTypes": [],
          "returnType": "ANY",
          "baseTypeFullName": [
            "power_assert.PowerAssert"
          ]
        },
        {
          "name": "power_assert.PowerAssert.app_context",
          "parameterTypes": [],
          "returnType": "ANY",
          "baseTypeFullName": [
            "power_assert.PowerAssert"
          ]
        },
        {
          "name": "power_assert.PowerAssert.configuration",
          "parameterTypes": [],
          "returnType": "ANY",
          "baseTypeFullName": [
            "power_assert.PowerAssert"
          ]
        },
        {
          "name": "power_assert.PowerAssert.configure",
          "parameterTypes": [],
          "returnType": "ANY",
          "baseTypeFullName": [
            "power_assert.PowerAssert"
          ]
        },
        {
          "name": "power_assert.PowerAssert.start",
          "parameterTypes": [],
          "returnType": "ANY",
          "baseTypeFullName": [
            "power_assert.PowerAssert"
          ]
        },
        {
          "name": "power_assert.PowerAssert.trace",
          "parameterTypes": [],
          "returnType": "ANY",
          "baseTypeFullName": [
            "power_assert.PowerAssert"
          ]
        }
      ],
      "fields": []
    }
  ]
}