{
  "prettyprint.PrettyPrint": [
    {
      "name": "prettyprint.PrettyPrint.SingleLine",
      "methods": [
        {
          "name": "prettyprint.PrettyPrint.SingleLine.new",
          "parameterTypes": [],
          "returnType": "ANY",
          "baseTypeFullName": [
            "prettyprint.PrettyPrint.SingleLine"
          ]
        },
        {
          "name": "prettyprint.PrettyPrint.SingleLine.breakable",
          "parameterTypes": [],
          "returnType": "ANY",
          "baseTypeFullName": [
            "prettyprint.PrettyPrint.SingleLine"
          ]
        },
        {
          "name": "prettyprint.PrettyPrint.SingleLine.first",
          "parameterTypes": [],
          "returnType": "ANY",
          "baseTypeFullName": [
            "prettyprint.PrettyPrint.SingleLine"
          ]
        },
        {
          "name": "prettyprint.PrettyPrint.SingleLine.group",
          "parameterTypes": [],
          "returnType": "ANY",
          "baseTypeFullName": [
            "prettyprint.PrettyPrint.SingleLine"
          ]
        },
        {
          "name": "prettyprint.PrettyPrint.SingleLine.text",
          "parameterTypes": [],
          "returnType": "ANY",
          "baseTypeFullName": [
            "prettyprint.PrettyPrint.SingleLine"
          ]
        }
      ],
      "fields": []
    }
  ],
  "prettyprint": [
    {
      "name": "prettyprint.PrettyPrint",
      "methods": [
        {
          "name": "prettyprint.PrettyPrint.format",
          "parameterTypes": [],
          "returnType": "ANY",
          "baseTypeFullName": [
            "prettyprint.PrettyPrint"
          ]
        },
        {
          "name": "prettyprint.PrettyPrint.new",
          "parameterTypes": [],
          "returnType": "ANY",
          "baseTypeFullName": [
            "prettyprint.PrettyPrint"
          ]
        },
        {
          "name": "prettyprint.PrettyPrint.singleline_format",
          "parameterTypes": [],
          "returnType": "ANY",
          "baseTypeFullName": [
            "prettyprint.PrettyPrint"
          ]
        },
        {
          "name": "prettyprint.PrettyPrint.break_outmost_groups",
          "parameterTypes": [],
          "returnType": "ANY",
          "baseTypeFullName": [
            "prettyprint.PrettyPrint"
          ]
        },
        {
          "name": "prettyprint.PrettyPrint.breakable",
          "parameterTypes": [],
          "returnType": "ANY",
          "baseTypeFullName": [
            "prettyprint.PrettyPrint"
          ]
        },
        {
          "name": "prettyprint.PrettyPrint.current_group",
          "parameterTypes": [],
          "returnType": "ANY",
          "baseTypeFullName": [
            "prettyprint.PrettyPrint"
          ]
        },
        {
          "name": "prettyprint.PrettyPrint.fill_breakable",
          "parameterTypes": [],
          "returnType": "ANY",
          "baseTypeFullName": [
            "prettyprint.PrettyPrint"
          ]
        },
        {
          "name": "prettyprint.PrettyPrint.flush",
          "parameterTypes": [],
          "returnType": "ANY",
          "baseTypeFullName": [
            "prettyprint.PrettyPrint"
          ]
        },
        {
          "name": "prettyprint.PrettyPrint.group",
          "parameterTypes": [],
          "returnType": "ANY",
          "baseTypeFullName": [
            "prettyprint.PrettyPrint"
          ]
        },
        {
          "name": "prettyprint.PrettyPrint.group_sub",
          "parameterTypes": [],
          "returnType": "ANY",
          "baseTypeFullName": [
            "prettyprint.PrettyPrint"
          ]
        },
        {
          "name": "prettyprint.PrettyPrint.nest",
          "parameterTypes": [],
          "returnType": "ANY",
          "baseTypeFullName": [
            "prettyprint.PrettyPrint"
          ]
        },
        {
          "name": "prettyprint.PrettyPrint.text",
          "parameterTypes": [],
          "returnType": "ANY",
          "baseTypeFullName": [
            "prettyprint.PrettyPrint"
          ]
        }
      ],
      "fields": []
    }
  ]
}