{
  "pstore": [
    {
      "name": "pstore.PStore",
      "methods": [
        {
          "name": "pstore.PStore.new",
          "parameterTypes": [],
          "returnType": "ANY",
          "baseTypeFullName": [
            "pstore.PStore"
          ]
        },
        {
          "name": "pstore.PStore.[]",
          "parameterTypes": [],
          "returnType": "ANY",
          "baseTypeFullName": [
            "pstore.PStore"
          ]
        },
        {
          "name": "pstore.PStore.abort",
          "parameterTypes": [],
          "returnType": "ANY",
          "baseTypeFullName": [
            "pstore.PStore"
          ]
        },
        {
          "name": "pstore.PStore.commit",
          "parameterTypes": [],
          "returnType": "ANY",
          "baseTypeFullName": [
            "pstore.PStore"
          ]
        },
        {
          "name": "pstore.PStore.delete",
          "parameterTypes": [],
          "returnType": "ANY",
          "baseTypeFullName": [
            "pstore.PStore"
          ]
        },
        {
          "name": "pstore.PStore.fetch",
          "parameterTypes": [],
          "returnType": "ANY",
          "baseTypeFullName": [
            "pstore.PStore"
          ]
        },
        {
          "name": "pstore.PStore.key",
          "parameterTypes": [],
          "returnType": "ANY",
          "baseTypeFullName": [
            "pstore.PStore"
          ]
        },
        {
          "name": "pstore.PStore.keys",
          "parameterTypes": [],
          "returnType": "ANY",
          "baseTypeFullName": [
            "pstore.PStore"
          ]
        },
        {
          "name": "pstore.PStore.path",
          "parameterTypes": [],
          "returnType": "ANY",
          "baseTypeFullName": [
            "pstore.PStore"
          ]
        },
        {
          "name": "pstore.PStore.root",
          "parameterTypes": [],
          "returnType": "ANY",
          "baseTypeFullName": [
            "pstore.PStore"
          ]
        },
        {
          "name": "pstore.PStore.roots",
          "parameterTypes": [],
          "returnType": "ANY",
          "baseTypeFullName": [
            "pstore.PStore"
          ]
        },
        {
          "name": "pstore.PStore.transaction",
          "parameterTypes": [],
          "returnType": "ANY",
          "baseTypeFullName": [
            "pstore.PStore"
          ]
        }
      ],
      "fields": []
    }
  ],
  "pstore.PStore": [
    {
      "name": "pstore.PStore.Error",
      "methods": [],
      "fields": []
    }
  ]
}