{
  "psych.Psych.ClassLoader": [
    {
      "name": "psych.Psych.ClassLoader.Restricted",
      "methods": [
        {
          "name": "psych.Psych.ClassLoader.Restricted.new",
          "parameterTypes": [],
          "returnType": "ANY",
          "baseTypeFullName": [
            "psych.Psych.ClassLoader.Restricted"
          ]
        },
        {
          "name": "psych.Psych.ClassLoader.Restricted.symbolize",
          "parameterTypes": [],
          "returnType": "ANY",
          "baseTypeFullName": [
            "psych.Psych.ClassLoader.Restricted"
          ]
        }
      ],
      "fields": []
    }
  ],
  "psych.Psych.Visitors": [
    {
      "name": "psych.Psych.Visitors.DepthFirst",
      "methods": [
        {
          "name": "psych.Psych.Visitors.DepthFirst.new",
          "parameterTypes": [],
          "returnType": "ANY",
          "baseTypeFullName": [
            "psych.Psych.Visitors.DepthFirst"
          ]
        }
      ],
      "fields": []
    },
    {
      "name": "psych.Psych.Visitors.Emitter",
      "methods": [
        {
          "name": "psych.Psych.Visitors.Emitter.new",
          "parameterTypes": [],
          "returnType": "ANY",
          "baseTypeFullName": [
            "psych.Psych.Visitors.Emitter"
          ]
        },
        {
          "name": "psych.Psych.Visitors.Emitter.visit_Psych_Nodes_Alias",
          "parameterTypes": [],
          "returnType": "ANY",
          "baseTypeFullName": [
            "psych.Psych.Visitors.Emitter"
          ]
        },
        {
          "name": "psych.Psych.Visitors.Emitter.visit_Psych_Nodes_Document",
          "parameterTypes": [],
          "returnType": "ANY",
          "baseTypeFullName": [
            "psych.Psych.Visitors.Emitter"
          ]
        },
        {
          "name": "psych.Psych.Visitors.Emitter.visit_Psych_Nodes_Mapping",
          "parameterTypes": [],
          "returnType": "ANY",
          "baseTypeFullName": [
            "psych.Psych.Visitors.Emitter"
          ]
        },
        {
          "name": "psych.Psych.Visitors.Emitter.visit_Psych_Nodes_Scalar",
          "parameterTypes": [],
          "returnType": "ANY",
          "baseTypeFullName": [
            "psych.Psych.Visitors.Emitter"
          ]
        },
        {
          "name": "psych.Psych.Visitors.Emitter.visit_Psych_Nodes_Sequence",
          "parameterTypes": [],
          "returnType": "ANY",
          "baseTypeFullName": [
            "psych.Psych.Visitors.Emitter"
          ]
        },
        {
          "name": "psych.Psych.Visitors.Emitter.visit_Psych_Nodes_Stream",
          "parameterTypes": [],
          "returnType": "ANY",
          "baseTypeFullName": [
            "psych.Psych.Visitors.Emitter"
          ]
        }
      ],
      "fields": []
    },
    {
      "name": "psych.Psych.Visitors.JSONTree",
      "methods": [
        {
          "name": "psych.Psych.Visitors.JSONTree.create",
          "parameterTypes": [],
          "returnType": "ANY",
          "baseTypeFullName": [
            "psych.Psych.Visitors.JSONTree"
          ]
        },
        {
          "name": "psych.Psych.Visitors.JSONTree.accept",
          "parameterTypes": [],
          "returnType": "ANY",
          "baseTypeFullName": [
            "psych.Psych.Visitors.JSONTree"
          ]
        }
      ],
      "fields": []
    },
    {
      "name": "psych.Psych.Visitors.NoAliasRuby",
      "methods": [
        {
          "name": "psych.Psych.Visitors.NoAliasRuby.visit_Psych_Nodes_Alias",
          "parameterTypes": [],
          "returnType": "ANY",
          "baseTypeFullName": [
            "psych.Psych.Visitors.NoAliasRuby"
          ]
        }
      ],
      "fields": []
    },
    {
      "name": "psych.Psych.Visitors.RestrictedYAMLTree",
      "methods": [
        {
          "name": "psych.Psych.Visitors.RestrictedYAMLTree.new",
          "parameterTypes": [],
          "returnType": "ANY",
          "baseTypeFullName": [
            "psych.Psych.Visitors.RestrictedYAMLTree"
          ]
        },
        {
          "name": "psych.Psych.Visitors.RestrictedYAMLTree.accept",
          "parameterTypes": [],
          "returnType": "ANY",
          "baseTypeFullName": [
            "psych.Psych.Visitors.RestrictedYAMLTree"
          ]
        },
        {
          "name": "psych.Psych.Visitors.RestrictedYAMLTree.visit_Symbol",
          "parameterTypes": [],
          "returnType": "ANY",
          "baseTypeFullName": [
            "psych.Psych.Visitors.RestrictedYAMLTree"
          ]
        }
      ],
      "fields": []
    },
    {
      "name": "psych.Psych.Visitors.ToRuby",
      "methods": [
        {
          "name": "psych.Psych.Visitors.ToRuby.create",
          "parameterTypes": [],
          "returnType": "ANY",
          "baseTypeFullName": [
            "psych.Psych.Visitors.ToRuby"
          ]
        },
        {
          "name": "psych.Psych.Visitors.ToRuby.new",
          "parameterTypes": [],
          "returnType": "ANY",
          "baseTypeFullName": [
            "psych.Psych.Visitors.ToRuby"
          ]
        },
        {
          "name": "psych.Psych.Visitors.ToRuby.accept",
          "parameterTypes": [],
          "returnType": "ANY",
          "baseTypeFullName": [
            "psych.Psych.Visitors.ToRuby"
          ]
        },
        {
          "name": "psych.Psych.Visitors.ToRuby.visit_Psych_Nodes_Alias",
          "parameterTypes": [],
          "returnType": "ANY",
          "baseTypeFullName": [
            "psych.Psych.Visitors.ToRuby"
          ]
        },
        {
          "name": "psych.Psych.Visitors.ToRuby.visit_Psych_Nodes_Document",
          "parameterTypes": [],
          "returnType": "ANY",
          "baseTypeFullName": [
            "psych.Psych.Visitors.ToRuby"
          ]
        },
        {
          "name": "psych.Psych.Visitors.ToRuby.visit_Psych_Nodes_Mapping",
          "parameterTypes": [],
          "returnType": "ANY",
          "baseTypeFullName": [
            "psych.Psych.Visitors.ToRuby"
          ]
        },
        {
          "name": "psych.Psych.Visitors.ToRuby.visit_Psych_Nodes_Scalar",
          "parameterTypes": [],
          "returnType": "ANY",
          "baseTypeFullName": [
            "psych.Psych.Visitors.ToRuby"
          ]
        },
        {
          "name": "psych.Psych.Visitors.ToRuby.visit_Psych_Nodes_Sequence",
          "parameterTypes": [],
          "returnType": "ANY",
          "baseTypeFullName": [
            "psych.Psych.Visitors.ToRuby"
          ]
        },
        {
          "name": "psych.Psych.Visitors.ToRuby.visit_Psych_Nodes_Stream",
          "parameterTypes": [],
          "returnType": "ANY",
          "baseTypeFullName": [
            "psych.Psych.Visitors.ToRuby"
          ]
        }
      ],
      "fields": []
    },
    {
      "name": "psych.Psych.Visitors.Visitor",
      "methods": [
        {
          "name": "psych.Psych.Visitors.Visitor.accept",
          "parameterTypes": [],
          "returnType": "ANY",
          "baseTypeFullName": [
            "psych.Psych.Visitors.Visitor"
          ]
        }
      ],
      "fields": []
    },
    {
      "name": "psych.Psych.Visitors.YAMLTree",
      "methods": [
        {
          "name": "psych.Psych.Visitors.YAMLTree.create",
          "parameterTypes": [],
          "returnType": "ANY",
          "baseTypeFullName": [
            "psych.Psych.Visitors.YAMLTree"
          ]
        },
        {
          "name": "psych.Psych.Visitors.YAMLTree.new",
          "parameterTypes": [],
          "returnType": "ANY",
          "baseTypeFullName": [
            "psych.Psych.Visitors.YAMLTree"
          ]
        },
        {
          "name": "psych.Psych.Visitors.YAMLTree.<<",
          "parameterTypes": [],
          "returnType": "ANY",
          "baseTypeFullName": [
            "psych.Psych.Visitors.YAMLTree"
          ]
        },
        {
          "name": "psych.Psych.Visitors.YAMLTree.accept",
          "parameterTypes": [],
          "returnType": "ANY",
          "baseTypeFullName": [
            "psych.Psych.Visitors.YAMLTree"
          ]
        },
        {
          "name": "psych.Psych.Visitors.YAMLTree.finish",
          "parameterTypes": [],
          "returnType": "ANY",
          "baseTypeFullName": [
            "psych.Psych.Visitors.YAMLTree"
          ]
        },
        {
          "name": "psych.Psych.Visitors.YAMLTree.push",
          "parameterTypes": [],
          "returnType": "ANY",
          "baseTypeFullName": [
            "psych.Psych.Visitors.YAMLTree"
          ]
        },
        {
          "name": "psych.Psych.Visitors.YAMLTree.start",
          "parameterTypes": [],
          "returnType": "ANY",
          "baseTypeFullName": [
            "psych.Psych.Visitors.YAMLTree"
          ]
        },
        {
          "name": "psych.Psych.Visitors.YAMLTree.tree",
          "parameterTypes": [],
          "returnType": "ANY",
          "baseTypeFullName": [
            "psych.Psych.Visitors.YAMLTree"
          ]
        },
        {
          "name": "psych.Psych.Visitors.YAMLTree.visit_Array",
          "parameterTypes": [],
          "returnType": "ANY",
          "baseTypeFullName": [
            "psych.Psych.Visitors.YAMLTree"
          ]
        },
        {
          "name": "psych.Psych.Visitors.YAMLTree.visit_BasicObject",
          "parameterTypes": [],
          "returnType": "ANY",
          "baseTypeFullName": [
            "psych.Psych.Visitors.YAMLTree"
          ]
        },
        {
          "name": "psych.Psych.Visitors.YAMLTree.visit_BigDecimal",
          "parameterTypes": [],
          "returnType": "ANY",
          "baseTypeFullName": [
            "psych.Psych.Visitors.YAMLTree"
          ]
        },
        {
          "name": "psych.Psych.Visitors.YAMLTree.visit_Class",
          "parameterTypes": [],
          "returnType": "ANY",
          "baseTypeFullName": [
            "psych.Psych.Visitors.YAMLTree"
          ]
        },
        {
          "name": "psych.Psych.Visitors.YAMLTree.visit_Complex",
          "parameterTypes": [],
          "returnType": "ANY",
          "baseTypeFullName": [
            "psych.Psych.Visitors.YAMLTree"
          ]
        },
        {
          "name": "psych.Psych.Visitors.YAMLTree.visit_Date",
          "parameterTypes": [],
          "returnType": "ANY",
          "baseTypeFullName": [
            "psych.Psych.Visitors.YAMLTree"
          ]
        },
        {
          "name": "psych.Psych.Visitors.YAMLTree.visit_DateTime",
          "parameterTypes": [],
          "returnType": "ANY",
          "baseTypeFullName": [
            "psych.Psych.Visitors.YAMLTree"
          ]
        },
        {
          "name": "psych.Psych.Visitors.YAMLTree.visit_Delegator",
          "parameterTypes": [],
          "returnType": "ANY",
          "baseTypeFullName": [
            "psych.Psych.Visitors.YAMLTree"
          ]
        },
        {
          "name": "psych.Psych.Visitors.YAMLTree.visit_Encoding",
          "parameterTypes": [],
          "returnType": "ANY",
          "baseTypeFullName": [
            "psych.Psych.Visitors.YAMLTree"
          ]
        },
        {
          "name": "psych.Psych.Visitors.YAMLTree.visit_Enumerator",
          "parameterTypes": [],
          "returnType": "ANY",
          "baseTypeFullName": [
            "psych.Psych.Visitors.YAMLTree"
          ]
        },
        {
          "name": "psych.Psych.Visitors.YAMLTree.visit_Exception",
          "parameterTypes": [],
          "returnType": "ANY",
          "baseTypeFullName": [
            "psych.Psych.Visitors.YAMLTree"
          ]
        },
        {
          "name": "psych.Psych.Visitors.YAMLTree.visit_FalseClass",
          "parameterTypes": [],
          "returnType": "ANY",
          "baseTypeFullName": [
            "psych.Psych.Visitors.YAMLTree"
          ]
        },
        {
          "name": "psych.Psych.Visitors.YAMLTree.visit_Float",
          "parameterTypes": [],
          "returnType": "ANY",
          "baseTypeFullName": [
            "psych.Psych.Visitors.YAMLTree"
          ]
        },
        {
          "name": "psych.Psych.Visitors.YAMLTree.visit_Hash",
          "parameterTypes": [],
          "returnType": "ANY",
          "baseTypeFullName": [
            "psych.Psych.Visitors.YAMLTree"
          ]
        },
        {
          "name": "psych.Psych.Visitors.YAMLTree.visit_Integer",
          "parameterTypes": [],
          "returnType": "ANY",
          "baseTypeFullName": [
            "psych.Psych.Visitors.YAMLTree"
          ]
        },
        {
          "name": "psych.Psych.Visitors.YAMLTree.visit_Module",
          "parameterTypes": [],
          "returnType": "ANY",
          "baseTypeFullName": [
            "psych.Psych.Visitors.YAMLTree"
          ]
        },
        {
          "name": "psych.Psych.Visitors.YAMLTree.visit_NameError",
          "parameterTypes": [],
          "returnType": "ANY",
          "baseTypeFullName": [
            "psych.Psych.Visitors.YAMLTree"
          ]
        },
        {
          "name": "psych.Psych.Visitors.YAMLTree.visit_NilClass",
          "parameterTypes": [],
          "returnType": "ANY",
          "baseTypeFullName": [
            "psych.Psych.Visitors.YAMLTree"
          ]
        },
        {
          "name": "psych.Psych.Visitors.YAMLTree.visit_Object",
          "parameterTypes": [],
          "returnType": "ANY",
          "baseTypeFullName": [
            "psych.Psych.Visitors.YAMLTree"
          ]
        },
        {
          "name": "psych.Psych.Visitors.YAMLTree.visit_Psych_Omap",
          "parameterTypes": [],
          "returnType": "ANY",
          "baseTypeFullName": [
            "psych.Psych.Visitors.YAMLTree"
          ]
        },
        {
          "name": "psych.Psych.Visitors.YAMLTree.visit_Psych_Set",
          "parameterTypes": [],
          "returnType": "ANY",
          "baseTypeFullName": [
            "psych.Psych.Visitors.YAMLTree"
          ]
        },
        {
          "name": "psych.Psych.Visitors.YAMLTree.visit_Range",
          "parameterTypes": [],
          "returnType": "ANY",
          "baseTypeFullName": [
            "psych.Psych.Visitors.YAMLTree"
          ]
        },
        {
          "name": "psych.Psych.Visitors.YAMLTree.visit_Rational",
          "parameterTypes": [],
          "returnType": "ANY",
          "baseTypeFullName": [
            "psych.Psych.Visitors.YAMLTree"
          ]
        },
        {
          "name": "psych.Psych.Visitors.YAMLTree.visit_Regexp",
          "parameterTypes": [],
          "returnType": "ANY",
          "baseTypeFullName": [
            "psych.Psych.Visitors.YAMLTree"
          ]
        },
        {
          "name": "psych.Psych.Visitors.YAMLTree.visit_String",
          "parameterTypes": [],
          "returnType": "ANY",
          "baseTypeFullName": [
            "psych.Psych.Visitors.YAMLTree"
          ]
        },
        {
          "name": "psych.Psych.Visitors.YAMLTree.visit_Struct",
          "parameterTypes": [],
          "returnType": "ANY",
          "baseTypeFullName": [
            "psych.Psych.Visitors.YAMLTree"
          ]
        },
        {
          "name": "psych.Psych.Visitors.YAMLTree.visit_Symbol",
          "parameterTypes": [],
          "returnType": "ANY",
          "baseTypeFullName": [
            "psych.Psych.Visitors.YAMLTree"
          ]
        },
        {
          "name": "psych.Psych.Visitors.YAMLTree.visit_Time",
          "parameterTypes": [],
          "returnType": "ANY",
          "baseTypeFullName": [
            "psych.Psych.Visitors.YAMLTree"
          ]
        },
        {
          "name": "psych.Psych.Visitors.YAMLTree.visit_TrueClass",
          "parameterTypes": [],
          "returnType": "ANY",
          "baseTypeFullName": [
            "psych.Psych.Visitors.YAMLTree"
          ]
        }
      ],
      "fields": []
    }
  ],
  "psych.Psych": [
    {
      "name": "psych.Psych.AliasesNotEnabled",
      "methods": [
        {
          "name": "psych.Psych.AliasesNotEnabled.new",
          "parameterTypes": [],
          "returnType": "ANY",
          "baseTypeFullName": [
            "psych.Psych.AliasesNotEnabled"
          ]
        }
      ],
      "fields": []
    },
    {
      "name": "psych.Psych.AnchorNotDefined",
      "methods": [
        {
          "name": "psych.Psych.AnchorNotDefined.new",
          "parameterTypes": [],
          "returnType": "ANY",
          "baseTypeFullName": [
            "psych.Psych.AnchorNotDefined"
          ]
        }
      ],
      "fields": []
    },
    {
      "name": "psych.Psych.BadAlias",
      "methods": [],
      "fields": []
    },
    {
      "name": "psych.Psych.ClassLoader",
      "methods": [],
      "fields": []
    },
    {
      "name": "psych.Psych.Coder",
      "methods": [
        {
          "name": "psych.Psych.Coder.new",
          "parameterTypes": [],
          "returnType": "ANY",
          "baseTypeFullName": [
            "psych.Psych.Coder"
          ]
        },
        {
          "name": "psych.Psych.Coder.[]",
          "parameterTypes": [],
          "returnType": "ANY",
          "baseTypeFullName": [
            "psych.Psych.Coder"
          ]
        },
        {
          "name": "psych.Psych.Coder.add",
          "parameterTypes": [],
          "returnType": "ANY",
          "baseTypeFullName": [
            "psych.Psych.Coder"
          ]
        },
        {
          "name": "psych.Psych.Coder.map",
          "parameterTypes": [],
          "returnType": "ANY",
          "baseTypeFullName": [
            "psych.Psych.Coder"
          ]
        },
        {
          "name": "psych.Psych.Coder.represent_map",
          "parameterTypes": [],
          "returnType": "ANY",
          "baseTypeFullName": [
            "psych.Psych.Coder"
          ]
        },
        {
          "name": "psych.Psych.Coder.represent_object",
          "parameterTypes": [],
          "returnType": "ANY",
          "baseTypeFullName": [
            "psych.Psych.Coder"
          ]
        },
        {
          "name": "psych.Psych.Coder.represent_scalar",
          "parameterTypes": [],
          "returnType": "ANY",
          "baseTypeFullName": [
            "psych.Psych.Coder"
          ]
        },
        {
          "name": "psych.Psych.Coder.represent_seq",
          "parameterTypes": [],
          "returnType": "ANY",
          "baseTypeFullName": [
            "psych.Psych.Coder"
          ]
        },
        {
          "name": "psych.Psych.Coder.scalar",
          "parameterTypes": [],
          "returnType": "ANY",
          "baseTypeFullName": [
            "psych.Psych.Coder"
          ]
        },
        {
          "name": "psych.Psych.Coder.seq",
          "parameterTypes": [],
          "returnType": "ANY",
          "baseTypeFullName": [
            "psych.Psych.Coder"
          ]
        }
      ],
      "fields": []
    },
    {
      "name": "psych.Psych.DisallowedClass",
      "methods": [
        {
          "name": "psych.Psych.DisallowedClass.new",
          "parameterTypes": [],
          "returnType": "ANY",
          "baseTypeFullName": [
            "psych.Psych.DisallowedClass"
          ]
        }
      ],
      "fields": []
    },
    {
      "name": "psych.Psych.Emitter",
      "methods": [
        {
          "name": "psych.Psych.Emitter.Psych::Emitter.new",
          "parameterTypes": [],
          "returnType": "ANY",
          "baseTypeFullName": [
            "psych.Psych.Emitter"
          ]
        },
        {
          "name": "psych.Psych.Emitter.alias",
          "parameterTypes": [],
          "returnType": "ANY",
          "baseTypeFullName": [
            "psych.Psych.Emitter"
          ]
        },
        {
          "name": "psych.Psych.Emitter.canonical",
          "parameterTypes": [],
          "returnType": "ANY",
          "baseTypeFullName": [
            "psych.Psych.Emitter"
          ]
        },
        {
          "name": "psych.Psych.Emitter.end_document",
          "parameterTypes": [],
          "returnType": "ANY",
          "baseTypeFullName": [
            "psych.Psych.Emitter"
          ]
        },
        {
          "name": "psych.Psych.Emitter.end_mapping",
          "parameterTypes": [],
          "returnType": "ANY",
          "baseTypeFullName": [
            "psych.Psych.Emitter"
          ]
        },
        {
          "name": "psych.Psych.Emitter.end_sequence",
          "parameterTypes": [],
          "returnType": "ANY",
          "baseTypeFullName": [
            "psych.Psych.Emitter"
          ]
        },
        {
          "name": "psych.Psych.Emitter.end_stream",
          "parameterTypes": [],
          "returnType": "ANY",
          "baseTypeFullName": [
            "psych.Psych.Emitter"
          ]
        },
        {
          "name": "psych.Psych.Emitter.indentation",
          "parameterTypes": [],
          "returnType": "ANY",
          "baseTypeFullName": [
            "psych.Psych.Emitter"
          ]
        },
        {
          "name": "psych.Psych.Emitter.line_width",
          "parameterTypes": [],
          "returnType": "ANY",
          "baseTypeFullName": [
            "psych.Psych.Emitter"
          ]
        },
        {
          "name": "psych.Psych.Emitter.scalar",
          "parameterTypes": [],
          "returnType": "ANY",
          "baseTypeFullName": [
            "psych.Psych.Emitter"
          ]
        },
        {
          "name": "psych.Psych.Emitter.start_document",
          "parameterTypes": [],
          "returnType": "ANY",
          "baseTypeFullName": [
            "psych.Psych.Emitter"
          ]
        },
        {
          "name": "psych.Psych.Emitter.start_mapping",
          "parameterTypes": [],
          "returnType": "ANY",
          "baseTypeFullName": [
            "psych.Psych.Emitter"
          ]
        },
        {
          "name": "psych.Psych.Emitter.start_sequence",
          "parameterTypes": [],
          "returnType": "ANY",
          "baseTypeFullName": [
            "psych.Psych.Emitter"
          ]
        },
        {
          "name": "psych.Psych.Emitter.start_stream",
          "parameterTypes": [],
          "returnType": "ANY",
          "baseTypeFullName": [
            "psych.Psych.Emitter"
          ]
        }
      ],
      "fields": []
    },
    {
      "name": "psych.Psych.Exception",
      "methods": [],
      "fields": []
    },
    {
      "name": "psych.Psych.Handler",
      "methods": [
        {
          "name": "psych.Psych.Handler.alias",
          "parameterTypes": [],
          "returnType": "ANY",
          "baseTypeFullName": [
            "psych.Psych.Handler"
          ]
        },
        {
          "name": "psych.Psych.Handler.empty",
          "parameterTypes": [],
          "returnType": "ANY",
          "baseTypeFullName": [
            "psych.Psych.Handler"
          ]
        },
        {
          "name": "psych.Psych.Handler.end_document",
          "parameterTypes": [],
          "returnType": "ANY",
          "baseTypeFullName": [
            "psych.Psych.Handler"
          ]
        },
        {
          "name": "psych.Psych.Handler.end_mapping",
          "parameterTypes": [],
          "returnType": "ANY",
          "baseTypeFullName": [
            "psych.Psych.Handler"
          ]
        },
        {
          "name": "psych.Psych.Handler.end_sequence",
          "parameterTypes": [],
          "returnType": "ANY",
          "baseTypeFullName": [
            "psych.Psych.Handler"
          ]
        },
        {
          "name": "psych.Psych.Handler.end_stream",
          "parameterTypes": [],
          "returnType": "ANY",
          "baseTypeFullName": [
            "psych.Psych.Handler"
          ]
        },
        {
          "name": "psych.Psych.Handler.event_location",
          "parameterTypes": [],
          "returnType": "ANY",
          "baseTypeFullName": [
            "psych.Psych.Handler"
          ]
        },
        {
          "name": "psych.Psych.Handler.scalar",
          "parameterTypes": [],
          "returnType": "ANY",
          "baseTypeFullName": [
            "psych.Psych.Handler"
          ]
        },
        {
          "name": "psych.Psych.Handler.start_document",
          "parameterTypes": [],
          "returnType": "ANY",
          "baseTypeFullName": [
            "psych.Psych.Handler"
          ]
        },
        {
          "name": "psych.Psych.Handler.start_mapping",
          "parameterTypes": [],
          "returnType": "ANY",
          "baseTypeFullName": [
            "psych.Psych.Handler"
          ]
        },
        {
          "name": "psych.Psych.Handler.start_sequence",
          "parameterTypes": [],
          "returnType": "ANY",
          "baseTypeFullName": [
            "psych.Psych.Handler"
          ]
        },
        {
          "name": "psych.Psych.Handler.start_stream",
          "parameterTypes": [],
          "returnType": "ANY",
          "baseTypeFullName": [
            "psych.Psych.Handler"
          ]
        },
        {
          "name": "psych.Psych.Handler.streaming",
          "parameterTypes": [],
          "returnType": "ANY",
          "baseTypeFullName": [
            "psych.Psych.Handler"
          ]
        }
      ],
      "fields": []
    },
    {
      "name": "psych.Psych.Handlers",
      "methods": [],
      "fields": []
    },
    {
      "name": "psych.Psych.JSON",
      "methods": [],
      "fields": []
    },
    {
      "name": "psych.Psych.Nodes",
      "methods": [],
      "fields": []
    },
    {
      "name": "psych.Psych.Omap",
      "methods": [],
      "fields": []
    },
    {
      "name": "psych.Psych.Parser",
      "methods": [
        {
          "name": "psych.Psych.Parser.new",
          "parameterTypes": [],
          "returnType": "ANY",
          "baseTypeFullName": [
            "psych.Psych.Parser"
          ]
        },
        {
          "name": "psych.Psych.Parser.mark",
          "parameterTypes": [],
          "returnType": "ANY",
          "baseTypeFullName": [
            "psych.Psych.Parser"
          ]
        },
        {
          "name": "psych.Psych.Parser.parse",
          "parameterTypes": [],
          "returnType": "ANY",
          "baseTypeFullName": [
            "psych.Psych.Parser"
          ]
        }
      ],
      "fields": []
    },
    {
      "name": "psych.Psych.ScalarScanner",
      "methods": [
        {
          "name": "psych.Psych.ScalarScanner.new",
          "parameterTypes": [],
          "returnType": "ANY",
          "baseTypeFullName": [
            "psych.Psych.ScalarScanner"
          ]
        },
        {
          "name": "psych.Psych.ScalarScanner.parse_int",
          "parameterTypes": [],
          "returnType": "ANY",
          "baseTypeFullName": [
            "psych.Psych.ScalarScanner"
          ]
        },
        {
          "name": "psych.Psych.ScalarScanner.parse_time",
          "parameterTypes": [],
          "returnType": "ANY",
          "baseTypeFullName": [
            "psych.Psych.ScalarScanner"
          ]
        },
        {
          "name": "psych.Psych.ScalarScanner.tokenize",
          "parameterTypes": [],
          "returnType": "ANY",
          "baseTypeFullName": [
            "psych.Psych.ScalarScanner"
          ]
        }
      ],
      "fields": []
    },
    {
      "name": "psych.Psych.Set",
      "methods": [],
      "fields": []
    },
    {
      "name": "psych.Psych.Stream",
      "methods": [],
      "fields": []
    },
    {
      "name": "psych.Psych.Streaming",
      "methods": [
        {
          "name": "psych.Psych.Streaming.start",
          "parameterTypes": [],
          "returnType": "ANY",
          "baseTypeFullName": [
            "psych.Psych.Streaming"
          ]
        }
      ],
      "fields": []
    },
    {
      "name": "psych.Psych.SyntaxError",
      "methods": [
        {
          "name": "psych.Psych.SyntaxError.new",
          "parameterTypes": [],
          "returnType": "ANY",
          "baseTypeFullName": [
            "psych.Psych.SyntaxError"
          ]
        }
      ],
      "fields": []
    },
    {
      "name": "psych.Psych.TreeBuilder",
      "methods": [
        {
          "name": "psych.Psych.TreeBuilder.new",
          "parameterTypes": [],
          "returnType": "ANY",
          "baseTypeFullName": [
            "psych.Psych.TreeBuilder"
          ]
        },
        {
          "name": "psych.Psych.TreeBuilder.alias",
          "parameterTypes": [],
          "returnType": "ANY",
          "baseTypeFullName": [
            "psych.Psych.TreeBuilder"
          ]
        },
        {
          "name": "psych.Psych.TreeBuilder.end_document",
          "parameterTypes": [],
          "returnType": "ANY",
          "baseTypeFullName": [
            "psych.Psych.TreeBuilder"
          ]
        },
        {
          "name": "psych.Psych.TreeBuilder.end_stream",
          "parameterTypes": [],
          "returnType": "ANY",
          "baseTypeFullName": [
            "psych.Psych.TreeBuilder"
          ]
        },
        {
          "name": "psych.Psych.TreeBuilder.event_location",
          "parameterTypes": [],
          "returnType": "ANY",
          "baseTypeFullName": [
            "psych.Psych.TreeBuilder"
          ]
        },
        {
          "name": "psych.Psych.TreeBuilder.scalar",
          "parameterTypes": [],
          "returnType": "ANY",
          "baseTypeFullName": [
            "psych.Psych.TreeBuilder"
          ]
        },
        {
          "name": "psych.Psych.TreeBuilder.start_document",
          "parameterTypes": [],
          "returnType": "ANY",
          "baseTypeFullName": [
            "psych.Psych.TreeBuilder"
          ]
        },
        {
          "name": "psych.Psych.TreeBuilder.start_stream",
          "parameterTypes": [],
          "returnType": "ANY",
          "baseTypeFullName": [
            "psych.Psych.TreeBuilder"
          ]
        }
      ],
      "fields": []
    },
    {
      "name": "psych.Psych.Visitors",
      "methods": [],
      "fields": []
    }
  ],
  "psych.Psych.Handlers": [
    {
      "name": "psych.Psych.Handlers.Recorder",
      "methods": [
        {
          "name": "psych.Psych.Handlers.Recorder.new",
          "parameterTypes": [],
          "returnType": "ANY",
          "baseTypeFullName": [
            "psych.Psych.Handlers.Recorder"
          ]
        }
      ],
      "fields": []
    }
  ],
  "psych.Psych.Streaming": [
    {
      "name": "psych.Psych.Streaming.ClassMethods",
      "methods": [
        {
          "name": "psych.Psych.Streaming.ClassMethods.new",
          "parameterTypes": [],
          "returnType": "ANY",
          "baseTypeFullName": [
            "psych.Psych.Streaming.ClassMethods"
          ]
        }
      ],
      "fields": []
    }
  ],
  "psych": [
    {
      "name": "psych.Kernel",
      "methods": [],
      "fields": []
    },
    {
      "name": "psych.Object",
      "methods": [
        {
          "name": "psych.Object.yaml_tag",
          "parameterTypes": [],
          "returnType": "ANY",
          "baseTypeFullName": [
            "psych.Object"
          ]
        },
        {
          "name": "psych.Object.to_yaml",
          "parameterTypes": [],
          "returnType": "ANY",
          "baseTypeFullName": [
            "psych.Object"
          ]
        }
      ],
      "fields": []
    },
    {
      "name": "psych.Psych",
      "methods": [
        {
          "name": "psych.Psych.dump",
          "parameterTypes": [],
          "returnType": "ANY",
          "baseTypeFullName": [
            "psych.Psych"
          ]
        },
        {
          "name": "psych.Psych.dump_stream",
          "parameterTypes": [],
          "returnType": "ANY",
          "baseTypeFullName": [
            "psych.Psych"
          ]
        },
        {
          "name": "psych.Psych.libyaml_version",
          "parameterTypes": [],
          "returnType": "ANY",
          "baseTypeFullName": [
            "psych.Psych"
          ]
        },
        {
          "name": "psych.Psych.load",
          "parameterTypes": [],
          "returnType": "ANY",
          "baseTypeFullName": [
            "psych.Psych"
          ]
        },
        {
          "name": "psych.Psych.load_file",
          "parameterTypes": [],
          "returnType": "ANY",
          "baseTypeFullName": [
            "psych.Psych"
          ]
        },
        {
          "name": "psych.Psych.load_stream",
          "parameterTypes": [],
          "returnType": "ANY",
          "baseTypeFullName": [
            "psych.Psych"
          ]
        },
        {
          "name": "psych.Psych.parse",
          "parameterTypes": [],
          "returnType": "ANY",
          "baseTypeFullName": [
            "psych.Psych"
          ]
        },
        {
          "name": "psych.Psych.parse_file",
          "parameterTypes": [],
          "returnType": "ANY",
          "baseTypeFullName": [
            "psych.Psych"
          ]
        },
        {
          "name": "psych.Psych.parse_stream",
          "parameterTypes": [],
          "returnType": "ANY",
          "baseTypeFullName": [
            "psych.Psych"
          ]
        },
        {
          "name": "psych.Psych.parser",
          "parameterTypes": [],
          "returnType": "ANY",
          "baseTypeFullName": [
            "psych.Psych"
          ]
        },
        {
          "name": "psych.Psych.safe_dump",
          "parameterTypes": [],
          "returnType": "ANY",
          "baseTypeFullName": [
            "psych.Psych"
          ]
        },
        {
          "name": "psych.Psych.safe_load",
          "parameterTypes": [],
          "returnType": "ANY",
          "baseTypeFullName": [
            "psych.Psych"
          ]
        },
        {
          "name": "psych.Psych.safe_load_file",
          "parameterTypes": [],
          "returnType": "ANY",
          "baseTypeFullName": [
            "psych.Psych"
          ]
        },
        {
          "name": "psych.Psych.to_json",
          "parameterTypes": [],
          "returnType": "ANY",
          "baseTypeFullName": [
            "psych.Psych"
          ]
        },
        {
          "name": "psych.Psych.unsafe_load",
          "parameterTypes": [],
          "returnType": "ANY",
          "baseTypeFullName": [
            "psych.Psych"
          ]
        },
        {
          "name": "psych.Psych.unsafe_load_file",
          "parameterTypes": [],
          "returnType": "ANY",
          "baseTypeFullName": [
            "psych.Psych"
          ]
        }
      ],
      "fields": []
    },
    {
      "name": "psych.Regexp",
      "methods": [],
      "fields": []
    }
  ],
  "psych.Psych.Nodes": [
    {
      "name": "psych.Psych.Nodes.Alias",
      "methods": [
        {
          "name": "psych.Psych.Nodes.Alias.new",
          "parameterTypes": [],
          "returnType": "ANY",
          "baseTypeFullName": [
            "psych.Psych.Nodes.Alias"
          ]
        },
        {
          "name": "psych.Psych.Nodes.Alias.alias",
          "parameterTypes": [],
          "returnType": "ANY",
          "baseTypeFullName": [
            "psych.Psych.Nodes.Alias"
          ]
        }
      ],
      "fields": []
    },
    {
      "name": "psych.Psych.Nodes.Document",
      "methods": [
        {
          "name": "psych.Psych.Nodes.Document.new",
          "parameterTypes": [],
          "returnType": "ANY",
          "baseTypeFullName": [
            "psych.Psych.Nodes.Document"
          ]
        },
        {
          "name": "psych.Psych.Nodes.Document.document",
          "parameterTypes": [],
          "returnType": "ANY",
          "baseTypeFullName": [
            "psych.Psych.Nodes.Document"
          ]
        },
        {
          "name": "psych.Psych.Nodes.Document.root",
          "parameterTypes": [],
          "returnType": "ANY",
          "baseTypeFullName": [
            "psych.Psych.Nodes.Document"
          ]
        }
      ],
      "fields": []
    },
    {
      "name": "psych.Psych.Nodes.Mapping",
      "methods": [
        {
          "name": "psych.Psych.Nodes.Mapping.new",
          "parameterTypes": [],
          "returnType": "ANY",
          "baseTypeFullName": [
            "psych.Psych.Nodes.Mapping"
          ]
        },
        {
          "name": "psych.Psych.Nodes.Mapping.mapping",
          "parameterTypes": [],
          "returnType": "ANY",
          "baseTypeFullName": [
            "psych.Psych.Nodes.Mapping"
          ]
        }
      ],
      "fields": []
    },
    {
      "name": "psych.Psych.Nodes.Node",
      "methods": [
        {
          "name": "psych.Psych.Nodes.Node.new",
          "parameterTypes": [],
          "returnType": "ANY",
          "baseTypeFullName": [
            "psych.Psych.Nodes.Node"
          ]
        },
        {
          "name": "psych.Psych.Nodes.Node.alias",
          "parameterTypes": [],
          "returnType": "ANY",
          "baseTypeFullName": [
            "psych.Psych.Nodes.Node"
          ]
        },
        {
          "name": "psych.Psych.Nodes.Node.document",
          "parameterTypes": [],
          "returnType": "ANY",
          "baseTypeFullName": [
            "psych.Psych.Nodes.Node"
          ]
        },
        {
          "name": "psych.Psych.Nodes.Node.each",
          "parameterTypes": [],
          "returnType": "ANY",
          "baseTypeFullName": [
            "psych.Psych.Nodes.Node"
          ]
        },
        {
          "name": "psych.Psych.Nodes.Node.mapping",
          "parameterTypes": [],
          "returnType": "ANY",
          "baseTypeFullName": [
            "psych.Psych.Nodes.Node"
          ]
        },
        {
          "name": "psych.Psych.Nodes.Node.scalar",
          "parameterTypes": [],
          "returnType": "ANY",
          "baseTypeFullName": [
            "psych.Psych.Nodes.Node"
          ]
        },
        {
          "name": "psych.Psych.Nodes.Node.sequence",
          "parameterTypes": [],
          "returnType": "ANY",
          "baseTypeFullName": [
            "psych.Psych.Nodes.Node"
          ]
        },
        {
          "name": "psych.Psych.Nodes.Node.stream",
          "parameterTypes": [],
          "returnType": "ANY",
          "baseTypeFullName": [
            "psych.Psych.Nodes.Node"
          ]
        },
        {
          "name": "psych.Psych.Nodes.Node.to_ruby",
          "parameterTypes": [],
          "returnType": "ANY",
          "baseTypeFullName": [
            "psych.Psych.Nodes.Node"
          ]
        },
        {
          "name": "psych.Psych.Nodes.Node.to_yaml",
          "parameterTypes": [],
          "returnType": "ANY",
          "baseTypeFullName": [
            "psych.Psych.Nodes.Node"
          ]
        },
        {
          "name": "psych.Psych.Nodes.Node.transform",
          "parameterTypes": [],
          "returnType": "ANY",
          "baseTypeFullName": [
            "psych.Psych.Nodes.Node"
          ]
        },
        {
          "name": "psych.Psych.Nodes.Node.yaml",
          "parameterTypes": [],
          "returnType": "ANY",
          "baseTypeFullName": [
            "psych.Psych.Nodes.Node"
          ]
        }
      ],
      "fields": []
    },
    {
      "name": "psych.Psych.Nodes.Scalar",
      "methods": [
        {
          "name": "psych.Psych.Nodes.Scalar.new",
          "parameterTypes": [],
          "returnType": "ANY",
          "baseTypeFullName": [
            "psych.Psych.Nodes.Scalar"
          ]
        },
        {
          "name": "psych.Psych.Nodes.Scalar.scalar",
          "parameterTypes": [],
          "returnType": "ANY",
          "baseTypeFullName": [
            "psych.Psych.Nodes.Scalar"
          ]
        }
      ],
      "fields": []
    },
    {
      "name": "psych.Psych.Nodes.Sequence",
      "methods": [
        {
          "name": "psych.Psych.Nodes.Sequence.new",
          "parameterTypes": [],
          "returnType": "ANY",
          "baseTypeFullName": [
            "psych.Psych.Nodes.Sequence"
          ]
        },
        {
          "name": "psych.Psych.Nodes.Sequence.sequence",
          "parameterTypes": [],
          "returnType": "ANY",
          "baseTypeFullName": [
            "psych.Psych.Nodes.Sequence"
          ]
        }
      ],
      "fields": []
    },
    {
      "name": "psych.Psych.Nodes.Stream",
      "methods": [
        {
          "name": "psych.Psych.Nodes.Stream.new",
          "parameterTypes": [],
          "returnType": "ANY",
          "baseTypeFullName": [
            "psych.Psych.Nodes.Stream"
          ]
        },
        {
          "name": "psych.Psych.Nodes.Stream.stream",
          "parameterTypes": [],
          "returnType": "ANY",
          "baseTypeFullName": [
            "psych.Psych.Nodes.Stream"
          ]
        }
      ],
      "fields": []
    }
  ],
  "psych.Psych.Parser": [
    {
      "name": "psych.Psych.Parser.Mark",
      "methods": [],
      "fields": []
    }
  ],
  "psych.Psych.Handler": [
    {
      "name": "psych.Psych.Handler.DumperOptions",
      "methods": [
        {
          "name": "psych.Psych.Handler.DumperOptions.new",
          "parameterTypes": [],
          "returnType": "ANY",
          "baseTypeFullName": [
            "psych.Psych.Handler.DumperOptions"
          ]
        }
      ],
      "fields": []
    }
  ],
  "psych.Psych.JSON": [
    {
      "name": "psych.Psych.JSON.Stream",
      "methods": [],
      "fields": []
    },
    {
      "name": "psych.Psych.JSON.TreeBuilder",
      "methods": [],
      "fields": []
    }
  ]
}