{
  "racc.Racc.Grammar": [
    {
      "name": "racc.Racc.Grammar.DefinitionEnv",
      "methods": [
        {
          "name": "racc.Racc.Grammar.DefinitionEnv.new",
          "parameterTypes": [],
          "returnType": "ANY",
          "baseTypeFullName": [
            "racc.Racc.Grammar.DefinitionEnv"
          ]
        },
        {
          "name": "racc.Racc.Grammar.DefinitionEnv._",
          "parameterTypes": [],
          "returnType": "ANY",
          "baseTypeFullName": [
            "racc.Racc.Grammar.DefinitionEnv"
          ]
        },
        {
          "name": "racc.Racc.Grammar.DefinitionEnv._add",
          "parameterTypes": [],
          "returnType": "ANY",
          "baseTypeFullName": [
            "racc.Racc.Grammar.DefinitionEnv"
          ]
        },
        {
          "name": "racc.Racc.Grammar.DefinitionEnv._added",
          "parameterTypes": [],
          "returnType": "ANY",
          "baseTypeFullName": [
            "racc.Racc.Grammar.DefinitionEnv"
          ]
        },
        {
          "name": "racc.Racc.Grammar.DefinitionEnv._delayed_add",
          "parameterTypes": [],
          "returnType": "ANY",
          "baseTypeFullName": [
            "racc.Racc.Grammar.DefinitionEnv"
          ]
        },
        {
          "name": "racc.Racc.Grammar.DefinitionEnv._intern",
          "parameterTypes": [],
          "returnType": "ANY",
          "baseTypeFullName": [
            "racc.Racc.Grammar.DefinitionEnv"
          ]
        },
        {
          "name": "racc.Racc.Grammar.DefinitionEnv.action",
          "parameterTypes": [],
          "returnType": "ANY",
          "baseTypeFullName": [
            "racc.Racc.Grammar.DefinitionEnv"
          ]
        },
        {
          "name": "racc.Racc.Grammar.DefinitionEnv.flush_delayed",
          "parameterTypes": [],
          "returnType": "ANY",
          "baseTypeFullName": [
            "racc.Racc.Grammar.DefinitionEnv"
          ]
        },
        {
          "name": "racc.Racc.Grammar.DefinitionEnv.grammar",
          "parameterTypes": [],
          "returnType": "ANY",
          "baseTypeFullName": [
            "racc.Racc.Grammar.DefinitionEnv"
          ]
        },
        {
          "name": "racc.Racc.Grammar.DefinitionEnv.many",
          "parameterTypes": [],
          "returnType": "ANY",
          "baseTypeFullName": [
            "racc.Racc.Grammar.DefinitionEnv"
          ]
        },
        {
          "name": "racc.Racc.Grammar.DefinitionEnv.many1",
          "parameterTypes": [],
          "returnType": "ANY",
          "baseTypeFullName": [
            "racc.Racc.Grammar.DefinitionEnv"
          ]
        },
        {
          "name": "racc.Racc.Grammar.DefinitionEnv.method_missing",
          "parameterTypes": [],
          "returnType": "ANY",
          "baseTypeFullName": [
            "racc.Racc.Grammar.DefinitionEnv"
          ]
        },
        {
          "name": "racc.Racc.Grammar.DefinitionEnv.null",
          "parameterTypes": [],
          "returnType": "ANY",
          "baseTypeFullName": [
            "racc.Racc.Grammar.DefinitionEnv"
          ]
        },
        {
          "name": "racc.Racc.Grammar.DefinitionEnv.option",
          "parameterTypes": [],
          "returnType": "ANY",
          "baseTypeFullName": [
            "racc.Racc.Grammar.DefinitionEnv"
          ]
        },
        {
          "name": "racc.Racc.Grammar.DefinitionEnv.precedence_table",
          "parameterTypes": [],
          "returnType": "ANY",
          "baseTypeFullName": [
            "racc.Racc.Grammar.DefinitionEnv"
          ]
        },
        {
          "name": "racc.Racc.Grammar.DefinitionEnv.separated_by",
          "parameterTypes": [],
          "returnType": "ANY",
          "baseTypeFullName": [
            "racc.Racc.Grammar.DefinitionEnv"
          ]
        },
        {
          "name": "racc.Racc.Grammar.DefinitionEnv.separated_by1",
          "parameterTypes": [],
          "returnType": "ANY",
          "baseTypeFullName": [
            "racc.Racc.Grammar.DefinitionEnv"
          ]
        },
        {
          "name": "racc.Racc.Grammar.DefinitionEnv.seq",
          "parameterTypes": [],
          "returnType": "ANY",
          "baseTypeFullName": [
            "racc.Racc.Grammar.DefinitionEnv"
          ]
        }
      ],
      "fields": []
    },
    {
      "name": "racc.Racc.Grammar.PrecedenceDefinitionEnv",
      "methods": [
        {
          "name": "racc.Racc.Grammar.PrecedenceDefinitionEnv.new",
          "parameterTypes": [],
          "returnType": "ANY",
          "baseTypeFullName": [
            "racc.Racc.Grammar.PrecedenceDefinitionEnv"
          ]
        },
        {
          "name": "racc.Racc.Grammar.PrecedenceDefinitionEnv.higher",
          "parameterTypes": [],
          "returnType": "ANY",
          "baseTypeFullName": [
            "racc.Racc.Grammar.PrecedenceDefinitionEnv"
          ]
        },
        {
          "name": "racc.Racc.Grammar.PrecedenceDefinitionEnv.left",
          "parameterTypes": [],
          "returnType": "ANY",
          "baseTypeFullName": [
            "racc.Racc.Grammar.PrecedenceDefinitionEnv"
          ]
        },
        {
          "name": "racc.Racc.Grammar.PrecedenceDefinitionEnv.lower",
          "parameterTypes": [],
          "returnType": "ANY",
          "baseTypeFullName": [
            "racc.Racc.Grammar.PrecedenceDefinitionEnv"
          ]
        },
        {
          "name": "racc.Racc.Grammar.PrecedenceDefinitionEnv.nonassoc",
          "parameterTypes": [],
          "returnType": "ANY",
          "baseTypeFullName": [
            "racc.Racc.Grammar.PrecedenceDefinitionEnv"
          ]
        },
        {
          "name": "racc.Racc.Grammar.PrecedenceDefinitionEnv.right",
          "parameterTypes": [],
          "returnType": "ANY",
          "baseTypeFullName": [
            "racc.Racc.Grammar.PrecedenceDefinitionEnv"
          ]
        }
      ],
      "fields": []
    }
  ],
  "racc.Racc.ParserFileGenerator": [
    {
      "name": "racc.Racc.ParserFileGenerator.Params",
      "methods": [
        {
          "name": "racc.Racc.ParserFileGenerator.Params.bool_attr",
          "parameterTypes": [],
          "returnType": "ANY",
          "baseTypeFullName": [
            "racc.Racc.ParserFileGenerator.Params"
          ]
        },
        {
          "name": "racc.Racc.ParserFileGenerator.Params.new",
          "parameterTypes": [],
          "returnType": "ANY",
          "baseTypeFullName": [
            "racc.Racc.ParserFileGenerator.Params"
          ]
        }
      ],
      "fields": []
    }
  ],
  "racc": [
    {
      "name": "racc.Array",
      "methods": [],
      "fields": []
    },
    {
      "name": "racc.Object",
      "methods": [],
      "fields": []
    },
    {
      "name": "racc.Racc",
      "methods": [],
      "fields": []
    }
  ],
  "racc.Racc.GrammarFileParser": [
    {
      "name": "racc.Racc.GrammarFileParser.Result",
      "methods": [
        {
          "name": "racc.Racc.GrammarFileParser.Result.new",
          "parameterTypes": [],
          "returnType": "ANY",
          "baseTypeFullName": [
            "racc.Racc.GrammarFileParser.Result"
          ]
        }
      ],
      "fields": []
    }
  ],
  "racc.Racc": [
    {
      "name": "racc.Racc.Accept",
      "methods": [
        {
          "name": "racc.Racc.Accept.inspect",
          "parameterTypes": [],
          "returnType": "ANY",
          "baseTypeFullName": [
            "racc.Racc.Accept"
          ]
        }
      ],
      "fields": []
    },
    {
      "name": "racc.Racc.ActionTable",
      "methods": [
        {
          "name": "racc.Racc.ActionTable.new",
          "parameterTypes": [],
          "returnType": "ANY",
          "baseTypeFullName": [
            "racc.Racc.ActionTable"
          ]
        },
        {
          "name": "racc.Racc.ActionTable.each_reduce",
          "parameterTypes": [],
          "returnType": "ANY",
          "baseTypeFullName": [
            "racc.Racc.ActionTable"
          ]
        },
        {
          "name": "racc.Racc.ActionTable.each_shift",
          "parameterTypes": [],
          "returnType": "ANY",
          "baseTypeFullName": [
            "racc.Racc.ActionTable"
          ]
        },
        {
          "name": "racc.Racc.ActionTable.init",
          "parameterTypes": [],
          "returnType": "ANY",
          "baseTypeFullName": [
            "racc.Racc.ActionTable"
          ]
        },
        {
          "name": "racc.Racc.ActionTable.reduce",
          "parameterTypes": [],
          "returnType": "ANY",
          "baseTypeFullName": [
            "racc.Racc.ActionTable"
          ]
        },
        {
          "name": "racc.Racc.ActionTable.reduce_n",
          "parameterTypes": [],
          "returnType": "ANY",
          "baseTypeFullName": [
            "racc.Racc.ActionTable"
          ]
        },
        {
          "name": "racc.Racc.ActionTable.shift",
          "parameterTypes": [],
          "returnType": "ANY",
          "baseTypeFullName": [
            "racc.Racc.ActionTable"
          ]
        },
        {
          "name": "racc.Racc.ActionTable.shift_n",
          "parameterTypes": [],
          "returnType": "ANY",
          "baseTypeFullName": [
            "racc.Racc.ActionTable"
          ]
        }
      ],
      "fields": []
    },
    {
      "name": "racc.Racc.CompileError",
      "methods": [],
      "fields": []
    },
    {
      "name": "racc.Racc.CparseParams",
      "methods": [],
      "fields": []
    },
    {
      "name": "racc.Racc.DebugFlags",
      "methods": [
        {
          "name": "racc.Racc.DebugFlags.new",
          "parameterTypes": [],
          "returnType": "ANY",
          "baseTypeFullName": [
            "racc.Racc.DebugFlags"
          ]
        },
        {
          "name": "racc.Racc.DebugFlags.parse_option_string",
          "parameterTypes": [],
          "returnType": "ANY",
          "baseTypeFullName": [
            "racc.Racc.DebugFlags"
          ]
        },
        {
          "name": "racc.Racc.DebugFlags.any",
          "parameterTypes": [],
          "returnType": "ANY",
          "baseTypeFullName": [
            "racc.Racc.DebugFlags"
          ]
        }
      ],
      "fields": []
    },
    {
      "name": "racc.Racc.Error",
      "methods": [
        {
          "name": "racc.Racc.Error.inspect",
          "parameterTypes": [],
          "returnType": "ANY",
          "baseTypeFullName": [
            "racc.Racc.Error"
          ]
        }
      ],
      "fields": []
    },
    {
      "name": "racc.Racc.Goto",
      "methods": [
        {
          "name": "racc.Racc.Goto.new",
          "parameterTypes": [],
          "returnType": "ANY",
          "baseTypeFullName": [
            "racc.Racc.Goto"
          ]
        },
        {
          "name": "racc.Racc.Goto.inspect",
          "parameterTypes": [],
          "returnType": "ANY",
          "baseTypeFullName": [
            "racc.Racc.Goto"
          ]
        }
      ],
      "fields": []
    },
    {
      "name": "racc.Racc.Grammar",
      "methods": [
        {
          "name": "racc.Racc.Grammar.define",
          "parameterTypes": [],
          "returnType": "ANY",
          "baseTypeFullName": [
            "racc.Racc.Grammar"
          ]
        },
        {
          "name": "racc.Racc.Grammar.new",
          "parameterTypes": [],
          "returnType": "ANY",
          "baseTypeFullName": [
            "racc.Racc.Grammar"
          ]
        },
        {
          "name": "racc.Racc.Grammar.[]",
          "parameterTypes": [],
          "returnType": "ANY",
          "baseTypeFullName": [
            "racc.Racc.Grammar"
          ]
        },
        {
          "name": "racc.Racc.Grammar.add",
          "parameterTypes": [],
          "returnType": "ANY",
          "baseTypeFullName": [
            "racc.Racc.Grammar"
          ]
        },
        {
          "name": "racc.Racc.Grammar.added",
          "parameterTypes": [],
          "returnType": "ANY",
          "baseTypeFullName": [
            "racc.Racc.Grammar"
          ]
        },
        {
          "name": "racc.Racc.Grammar.declare_precedence",
          "parameterTypes": [],
          "returnType": "ANY",
          "baseTypeFullName": [
            "racc.Racc.Grammar"
          ]
        },
        {
          "name": "racc.Racc.Grammar.dfa",
          "parameterTypes": [],
          "returnType": "ANY",
          "baseTypeFullName": [
            "racc.Racc.Grammar"
          ]
        },
        {
          "name": "racc.Racc.Grammar.each",
          "parameterTypes": [],
          "returnType": "ANY",
          "baseTypeFullName": [
            "racc.Racc.Grammar"
          ]
        },
        {
          "name": "racc.Racc.Grammar.each_index",
          "parameterTypes": [],
          "returnType": "ANY",
          "baseTypeFullName": [
            "racc.Racc.Grammar"
          ]
        },
        {
          "name": "racc.Racc.Grammar.each_rule",
          "parameterTypes": [],
          "returnType": "ANY",
          "baseTypeFullName": [
            "racc.Racc.Grammar"
          ]
        },
        {
          "name": "racc.Racc.Grammar.each_useless_nonterminal",
          "parameterTypes": [],
          "returnType": "ANY",
          "baseTypeFullName": [
            "racc.Racc.Grammar"
          ]
        },
        {
          "name": "racc.Racc.Grammar.each_useless_rule",
          "parameterTypes": [],
          "returnType": "ANY",
          "baseTypeFullName": [
            "racc.Racc.Grammar"
          ]
        },
        {
          "name": "racc.Racc.Grammar.each_with_index",
          "parameterTypes": [],
          "returnType": "ANY",
          "baseTypeFullName": [
            "racc.Racc.Grammar"
          ]
        },
        {
          "name": "racc.Racc.Grammar.end_precedence_declaration",
          "parameterTypes": [],
          "returnType": "ANY",
          "baseTypeFullName": [
            "racc.Racc.Grammar"
          ]
        },
        {
          "name": "racc.Racc.Grammar.init",
          "parameterTypes": [],
          "returnType": "ANY",
          "baseTypeFullName": [
            "racc.Racc.Grammar"
          ]
        },
        {
          "name": "racc.Racc.Grammar.intern",
          "parameterTypes": [],
          "returnType": "ANY",
          "baseTypeFullName": [
            "racc.Racc.Grammar"
          ]
        },
        {
          "name": "racc.Racc.Grammar.n_useless_nonterminals",
          "parameterTypes": [],
          "returnType": "ANY",
          "baseTypeFullName": [
            "racc.Racc.Grammar"
          ]
        },
        {
          "name": "racc.Racc.Grammar.n_useless_rules",
          "parameterTypes": [],
          "returnType": "ANY",
          "baseTypeFullName": [
            "racc.Racc.Grammar"
          ]
        },
        {
          "name": "racc.Racc.Grammar.nfa",
          "parameterTypes": [],
          "returnType": "ANY",
          "baseTypeFullName": [
            "racc.Racc.Grammar"
          ]
        },
        {
          "name": "racc.Racc.Grammar.nonterminal_base",
          "parameterTypes": [],
          "returnType": "ANY",
          "baseTypeFullName": [
            "racc.Racc.Grammar"
          ]
        },
        {
          "name": "racc.Racc.Grammar.parser_class",
          "parameterTypes": [],
          "returnType": "ANY",
          "baseTypeFullName": [
            "racc.Racc.Grammar"
          ]
        },
        {
          "name": "racc.Racc.Grammar.size",
          "parameterTypes": [],
          "returnType": "ANY",
          "baseTypeFullName": [
            "racc.Racc.Grammar"
          ]
        },
        {
          "name": "racc.Racc.Grammar.start_symbol",
          "parameterTypes": [],
          "returnType": "ANY",
          "baseTypeFullName": [
            "racc.Racc.Grammar"
          ]
        },
        {
          "name": "racc.Racc.Grammar.state_transition_table",
          "parameterTypes": [],
          "returnType": "ANY",
          "baseTypeFullName": [
            "racc.Racc.Grammar"
          ]
        },
        {
          "name": "racc.Racc.Grammar.states",
          "parameterTypes": [],
          "returnType": "ANY",
          "baseTypeFullName": [
            "racc.Racc.Grammar"
          ]
        },
        {
          "name": "racc.Racc.Grammar.symbols",
          "parameterTypes": [],
          "returnType": "ANY",
          "baseTypeFullName": [
            "racc.Racc.Grammar"
          ]
        },
        {
          "name": "racc.Racc.Grammar.to_s",
          "parameterTypes": [],
          "returnType": "ANY",
          "baseTypeFullName": [
            "racc.Racc.Grammar"
          ]
        },
        {
          "name": "racc.Racc.Grammar.useless_nonterminal_exist",
          "parameterTypes": [],
          "returnType": "ANY",
          "baseTypeFullName": [
            "racc.Racc.Grammar"
          ]
        },
        {
          "name": "racc.Racc.Grammar.useless_rule_exist",
          "parameterTypes": [],
          "returnType": "ANY",
          "baseTypeFullName": [
            "racc.Racc.Grammar"
          ]
        },
        {
          "name": "racc.Racc.Grammar.write_log",
          "parameterTypes": [],
          "returnType": "ANY",
          "baseTypeFullName": [
            "racc.Racc.Grammar"
          ]
        }
      ],
      "fields": []
    },
    {
      "name": "racc.Racc.GrammarFileParser",
      "methods": [
        {
          "name": "racc.Racc.GrammarFileParser.new",
          "parameterTypes": [],
          "returnType": "ANY",
          "baseTypeFullName": [
            "racc.Racc.GrammarFileParser"
          ]
        },
        {
          "name": "racc.Racc.GrammarFileParser.parse",
          "parameterTypes": [],
          "returnType": "ANY",
          "baseTypeFullName": [
            "racc.Racc.GrammarFileParser"
          ]
        },
        {
          "name": "racc.Racc.GrammarFileParser.parse_file",
          "parameterTypes": [],
          "returnType": "ANY",
          "baseTypeFullName": [
            "racc.Racc.GrammarFileParser"
          ]
        }
      ],
      "fields": []
    },
    {
      "name": "racc.Racc.GrammarFileScanner",
      "methods": [
        {
          "name": "racc.Racc.GrammarFileScanner.new",
          "parameterTypes": [],
          "returnType": "ANY",
          "baseTypeFullName": [
            "racc.Racc.GrammarFileScanner"
          ]
        },
        {
          "name": "racc.Racc.GrammarFileScanner.lineno",
          "parameterTypes": [],
          "returnType": "ANY",
          "baseTypeFullName": [
            "racc.Racc.GrammarFileScanner"
          ]
        },
        {
          "name": "racc.Racc.GrammarFileScanner.yylex",
          "parameterTypes": [],
          "returnType": "ANY",
          "baseTypeFullName": [
            "racc.Racc.GrammarFileScanner"
          ]
        }
      ],
      "fields": []
    },
    {
      "name": "racc.Racc.ISet",
      "methods": [
        {
          "name": "racc.Racc.ISet.new",
          "parameterTypes": [],
          "returnType": "ANY",
          "baseTypeFullName": [
            "racc.Racc.ISet"
          ]
        },
        {
          "name": "racc.Racc.ISet.[]",
          "parameterTypes": [],
          "returnType": "ANY",
          "baseTypeFullName": [
            "racc.Racc.ISet"
          ]
        },
        {
          "name": "racc.Racc.ISet.add",
          "parameterTypes": [],
          "returnType": "ANY",
          "baseTypeFullName": [
            "racc.Racc.ISet"
          ]
        },
        {
          "name": "racc.Racc.ISet.clear",
          "parameterTypes": [],
          "returnType": "ANY",
          "baseTypeFullName": [
            "racc.Racc.ISet"
          ]
        },
        {
          "name": "racc.Racc.ISet.delete",
          "parameterTypes": [],
          "returnType": "ANY",
          "baseTypeFullName": [
            "racc.Racc.ISet"
          ]
        },
        {
          "name": "racc.Racc.ISet.dup",
          "parameterTypes": [],
          "returnType": "ANY",
          "baseTypeFullName": [
            "racc.Racc.ISet"
          ]
        },
        {
          "name": "racc.Racc.ISet.each",
          "parameterTypes": [],
          "returnType": "ANY",
          "baseTypeFullName": [
            "racc.Racc.ISet"
          ]
        },
        {
          "name": "racc.Racc.ISet.empty",
          "parameterTypes": [],
          "returnType": "ANY",
          "baseTypeFullName": [
            "racc.Racc.ISet"
          ]
        },
        {
          "name": "racc.Racc.ISet.include",
          "parameterTypes": [],
          "returnType": "ANY",
          "baseTypeFullName": [
            "racc.Racc.ISet"
          ]
        },
        {
          "name": "racc.Racc.ISet.inspect",
          "parameterTypes": [],
          "returnType": "ANY",
          "baseTypeFullName": [
            "racc.Racc.ISet"
          ]
        },
        {
          "name": "racc.Racc.ISet.key",
          "parameterTypes": [],
          "returnType": "ANY",
          "baseTypeFullName": [
            "racc.Racc.ISet"
          ]
        },
        {
          "name": "racc.Racc.ISet.size",
          "parameterTypes": [],
          "returnType": "ANY",
          "baseTypeFullName": [
            "racc.Racc.ISet"
          ]
        },
        {
          "name": "racc.Racc.ISet.to_a",
          "parameterTypes": [],
          "returnType": "ANY",
          "baseTypeFullName": [
            "racc.Racc.ISet"
          ]
        },
        {
          "name": "racc.Racc.ISet.to_s",
          "parameterTypes": [],
          "returnType": "ANY",
          "baseTypeFullName": [
            "racc.Racc.ISet"
          ]
        },
        {
          "name": "racc.Racc.ISet.update",
          "parameterTypes": [],
          "returnType": "ANY",
          "baseTypeFullName": [
            "racc.Racc.ISet"
          ]
        },
        {
          "name": "racc.Racc.ISet.update_a",
          "parameterTypes": [],
          "returnType": "ANY",
          "baseTypeFullName": [
            "racc.Racc.ISet"
          ]
        }
      ],
      "fields": []
    },
    {
      "name": "racc.Racc.Item",
      "methods": [
        {
          "name": "racc.Racc.Item.new",
          "parameterTypes": [],
          "returnType": "ANY",
          "baseTypeFullName": [
            "racc.Racc.Item"
          ]
        },
        {
          "name": "racc.Racc.Item.each_la",
          "parameterTypes": [],
          "returnType": "ANY",
          "baseTypeFullName": [
            "racc.Racc.Item"
          ]
        }
      ],
      "fields": []
    },
    {
      "name": "racc.Racc.LocationPointer",
      "methods": [
        {
          "name": "racc.Racc.LocationPointer.new",
          "parameterTypes": [],
          "returnType": "ANY",
          "baseTypeFullName": [
            "racc.Racc.LocationPointer"
          ]
        },
        {
          "name": "racc.Racc.LocationPointer.before",
          "parameterTypes": [],
          "returnType": "ANY",
          "baseTypeFullName": [
            "racc.Racc.LocationPointer"
          ]
        },
        {
          "name": "racc.Racc.LocationPointer.eql",
          "parameterTypes": [],
          "returnType": "ANY",
          "baseTypeFullName": [
            "racc.Racc.LocationPointer"
          ]
        },
        {
          "name": "racc.Racc.LocationPointer.head",
          "parameterTypes": [],
          "returnType": "ANY",
          "baseTypeFullName": [
            "racc.Racc.LocationPointer"
          ]
        },
        {
          "name": "racc.Racc.LocationPointer.increment",
          "parameterTypes": [],
          "returnType": "ANY",
          "baseTypeFullName": [
            "racc.Racc.LocationPointer"
          ]
        },
        {
          "name": "racc.Racc.LocationPointer.inspect",
          "parameterTypes": [],
          "returnType": "ANY",
          "baseTypeFullName": [
            "racc.Racc.LocationPointer"
          ]
        },
        {
          "name": "racc.Racc.LocationPointer.next",
          "parameterTypes": [],
          "returnType": "ANY",
          "baseTypeFullName": [
            "racc.Racc.LocationPointer"
          ]
        },
        {
          "name": "racc.Racc.LocationPointer.to_s",
          "parameterTypes": [],
          "returnType": "ANY",
          "baseTypeFullName": [
            "racc.Racc.LocationPointer"
          ]
        }
      ],
      "fields": []
    },
    {
      "name": "racc.Racc.LogFileGenerator",
      "methods": [
        {
          "name": "racc.Racc.LogFileGenerator.new",
          "parameterTypes": [],
          "returnType": "ANY",
          "baseTypeFullName": [
            "racc.Racc.LogFileGenerator"
          ]
        },
        {
          "name": "racc.Racc.LogFileGenerator.action_out",
          "parameterTypes": [],
          "returnType": "ANY",
          "baseTypeFullName": [
            "racc.Racc.LogFileGenerator"
          ]
        },
        {
          "name": "racc.Racc.LogFileGenerator.outact",
          "parameterTypes": [],
          "returnType": "ANY",
          "baseTypeFullName": [
            "racc.Racc.LogFileGenerator"
          ]
        },
        {
          "name": "racc.Racc.LogFileGenerator.output",
          "parameterTypes": [],
          "returnType": "ANY",
          "baseTypeFullName": [
            "racc.Racc.LogFileGenerator"
          ]
        },
        {
          "name": "racc.Racc.LogFileGenerator.output_conflict",
          "parameterTypes": [],
          "returnType": "ANY",
          "baseTypeFullName": [
            "racc.Racc.LogFileGenerator"
          ]
        },
        {
          "name": "racc.Racc.LogFileGenerator.output_rule",
          "parameterTypes": [],
          "returnType": "ANY",
          "baseTypeFullName": [
            "racc.Racc.LogFileGenerator"
          ]
        },
        {
          "name": "racc.Racc.LogFileGenerator.output_state",
          "parameterTypes": [],
          "returnType": "ANY",
          "baseTypeFullName": [
            "racc.Racc.LogFileGenerator"
          ]
        },
        {
          "name": "racc.Racc.LogFileGenerator.output_token",
          "parameterTypes": [],
          "returnType": "ANY",
          "baseTypeFullName": [
            "racc.Racc.LogFileGenerator"
          ]
        },
        {
          "name": "racc.Racc.LogFileGenerator.output_useless",
          "parameterTypes": [],
          "returnType": "ANY",
          "baseTypeFullName": [
            "racc.Racc.LogFileGenerator"
          ]
        },
        {
          "name": "racc.Racc.LogFileGenerator.outrrconf",
          "parameterTypes": [],
          "returnType": "ANY",
          "baseTypeFullName": [
            "racc.Racc.LogFileGenerator"
          ]
        },
        {
          "name": "racc.Racc.LogFileGenerator.outsrconf",
          "parameterTypes": [],
          "returnType": "ANY",
          "baseTypeFullName": [
            "racc.Racc.LogFileGenerator"
          ]
        },
        {
          "name": "racc.Racc.LogFileGenerator.pointer_out",
          "parameterTypes": [],
          "returnType": "ANY",
          "baseTypeFullName": [
            "racc.Racc.LogFileGenerator"
          ]
        },
        {
          "name": "racc.Racc.LogFileGenerator.symbol_locations",
          "parameterTypes": [],
          "returnType": "ANY",
          "baseTypeFullName": [
            "racc.Racc.LogFileGenerator"
          ]
        }
      ],
      "fields": []
    },
    {
      "name": "racc.Racc.OrMark",
      "methods": [
        {
          "name": "racc.Racc.OrMark.new",
          "parameterTypes": [],
          "returnType": "ANY",
          "baseTypeFullName": [
            "racc.Racc.OrMark"
          ]
        },
        {
          "name": "racc.Racc.OrMark.inspect",
          "parameterTypes": [],
          "returnType": "ANY",
          "baseTypeFullName": [
            "racc.Racc.OrMark"
          ]
        },
        {
          "name": "racc.Racc.OrMark.name",
          "parameterTypes": [],
          "returnType": "ANY",
          "baseTypeFullName": [
            "racc.Racc.OrMark"
          ]
        }
      ],
      "fields": []
    },
    {
      "name": "racc.Racc.ParseError",
      "methods": [],
      "fields": []
    },
    {
      "name": "racc.Racc.Parser",
      "methods": [
        {
          "name": "racc.Racc.Parser._racc_do_parse_rb",
          "parameterTypes": [],
          "returnType": "ANY",
          "baseTypeFullName": [
            "racc.Racc.Parser"
          ]
        },
        {
          "name": "racc.Racc.Parser._racc_do_reduce",
          "parameterTypes": [],
          "returnType": "ANY",
          "baseTypeFullName": [
            "racc.Racc.Parser"
          ]
        },
        {
          "name": "racc.Racc.Parser._racc_evalact",
          "parameterTypes": [],
          "returnType": "ANY",
          "baseTypeFullName": [
            "racc.Racc.Parser"
          ]
        },
        {
          "name": "racc.Racc.Parser._racc_init_sysvars",
          "parameterTypes": [],
          "returnType": "ANY",
          "baseTypeFullName": [
            "racc.Racc.Parser"
          ]
        },
        {
          "name": "racc.Racc.Parser._racc_setup",
          "parameterTypes": [],
          "returnType": "ANY",
          "baseTypeFullName": [
            "racc.Racc.Parser"
          ]
        },
        {
          "name": "racc.Racc.Parser._racc_yyparse_rb",
          "parameterTypes": [],
          "returnType": "ANY",
          "baseTypeFullName": [
            "racc.Racc.Parser"
          ]
        },
        {
          "name": "racc.Racc.Parser.next_token",
          "parameterTypes": [],
          "returnType": "ANY",
          "baseTypeFullName": [
            "racc.Racc.Parser"
          ]
        },
        {
          "name": "racc.Racc.Parser.on_error",
          "parameterTypes": [],
          "returnType": "ANY",
          "baseTypeFullName": [
            "racc.Racc.Parser"
          ]
        },
        {
          "name": "racc.Racc.Parser.racc_accept",
          "parameterTypes": [],
          "returnType": "ANY",
          "baseTypeFullName": [
            "racc.Racc.Parser"
          ]
        },
        {
          "name": "racc.Racc.Parser.racc_e_pop",
          "parameterTypes": [],
          "returnType": "ANY",
          "baseTypeFullName": [
            "racc.Racc.Parser"
          ]
        },
        {
          "name": "racc.Racc.Parser.racc_next_state",
          "parameterTypes": [],
          "returnType": "ANY",
          "baseTypeFullName": [
            "racc.Racc.Parser"
          ]
        },
        {
          "name": "racc.Racc.Parser.racc_print_stacks",
          "parameterTypes": [],
          "returnType": "ANY",
          "baseTypeFullName": [
            "racc.Racc.Parser"
          ]
        },
        {
          "name": "racc.Racc.Parser.racc_print_states",
          "parameterTypes": [],
          "returnType": "ANY",
          "baseTypeFullName": [
            "racc.Racc.Parser"
          ]
        },
        {
          "name": "racc.Racc.Parser.racc_read_token",
          "parameterTypes": [],
          "returnType": "ANY",
          "baseTypeFullName": [
            "racc.Racc.Parser"
          ]
        },
        {
          "name": "racc.Racc.Parser.racc_reduce",
          "parameterTypes": [],
          "returnType": "ANY",
          "baseTypeFullName": [
            "racc.Racc.Parser"
          ]
        },
        {
          "name": "racc.Racc.Parser.racc_shift",
          "parameterTypes": [],
          "returnType": "ANY",
          "baseTypeFullName": [
            "racc.Racc.Parser"
          ]
        },
        {
          "name": "racc.Racc.Parser.racc_token2str",
          "parameterTypes": [],
          "returnType": "ANY",
          "baseTypeFullName": [
            "racc.Racc.Parser"
          ]
        },
        {
          "name": "racc.Racc.Parser.token_to_str",
          "parameterTypes": [],
          "returnType": "ANY",
          "baseTypeFullName": [
            "racc.Racc.Parser"
          ]
        },
        {
          "name": "racc.Racc.Parser.yyaccept",
          "parameterTypes": [],
          "returnType": "ANY",
          "baseTypeFullName": [
            "racc.Racc.Parser"
          ]
        },
        {
          "name": "racc.Racc.Parser.yyerrok",
          "parameterTypes": [],
          "returnType": "ANY",
          "baseTypeFullName": [
            "racc.Racc.Parser"
          ]
        },
        {
          "name": "racc.Racc.Parser.yyerror",
          "parameterTypes": [],
          "returnType": "ANY",
          "baseTypeFullName": [
            "racc.Racc.Parser"
          ]
        }
      ],
      "fields": []
    },
    {
      "name": "racc.Racc.ParserClassGenerator",
      "methods": [
        {
          "name": "racc.Racc.ParserClassGenerator.new",
          "parameterTypes": [],
          "returnType": "ANY",
          "baseTypeFullName": [
            "racc.Racc.ParserClassGenerator"
          ]
        },
        {
          "name": "racc.Racc.ParserClassGenerator.generate",
          "parameterTypes": [],
          "returnType": "ANY",
          "baseTypeFullName": [
            "racc.Racc.ParserClassGenerator"
          ]
        }
      ],
      "fields": []
    },
    {
      "name": "racc.Racc.ParserFileGenerator",
      "methods": [
        {
          "name": "racc.Racc.ParserFileGenerator.new",
          "parameterTypes": [],
          "returnType": "ANY",
          "baseTypeFullName": [
            "racc.Racc.ParserFileGenerator"
          ]
        },
        {
          "name": "racc.Racc.ParserFileGenerator.generate_parser",
          "parameterTypes": [],
          "returnType": "ANY",
          "baseTypeFullName": [
            "racc.Racc.ParserFileGenerator"
          ]
        },
        {
          "name": "racc.Racc.ParserFileGenerator.generate_parser_file",
          "parameterTypes": [],
          "returnType": "ANY",
          "baseTypeFullName": [
            "racc.Racc.ParserFileGenerator"
          ]
        },
        {
          "name": "racc.Racc.ParserFileGenerator.put_state_transition_table",
          "parameterTypes": [],
          "returnType": "ANY",
          "baseTypeFullName": [
            "racc.Racc.ParserFileGenerator"
          ]
        }
      ],
      "fields": []
    },
    {
      "name": "racc.Racc.Prec",
      "methods": [
        {
          "name": "racc.Racc.Prec.new",
          "parameterTypes": [],
          "returnType": "ANY",
          "baseTypeFullName": [
            "racc.Racc.Prec"
          ]
        },
        {
          "name": "racc.Racc.Prec.inspect",
          "parameterTypes": [],
          "returnType": "ANY",
          "baseTypeFullName": [
            "racc.Racc.Prec"
          ]
        },
        {
          "name": "racc.Racc.Prec.name",
          "parameterTypes": [],
          "returnType": "ANY",
          "baseTypeFullName": [
            "racc.Racc.Prec"
          ]
        }
      ],
      "fields": []
    },
    {
      "name": "racc.Racc.RRconflict",
      "methods": [
        {
          "name": "racc.Racc.RRconflict.new",
          "parameterTypes": [],
          "returnType": "ANY",
          "baseTypeFullName": [
            "racc.Racc.RRconflict"
          ]
        },
        {
          "name": "racc.Racc.RRconflict.to_s",
          "parameterTypes": [],
          "returnType": "ANY",
          "baseTypeFullName": [
            "racc.Racc.RRconflict"
          ]
        }
      ],
      "fields": []
    },
    {
      "name": "racc.Racc.Reduce",
      "methods": [
        {
          "name": "racc.Racc.Reduce.new",
          "parameterTypes": [],
          "returnType": "ANY",
          "baseTypeFullName": [
            "racc.Racc.Reduce"
          ]
        },
        {
          "name": "racc.Racc.Reduce.decref",
          "parameterTypes": [],
          "returnType": "ANY",
          "baseTypeFullName": [
            "racc.Racc.Reduce"
          ]
        },
        {
          "name": "racc.Racc.Reduce.incref",
          "parameterTypes": [],
          "returnType": "ANY",
          "baseTypeFullName": [
            "racc.Racc.Reduce"
          ]
        },
        {
          "name": "racc.Racc.Reduce.inspect",
          "parameterTypes": [],
          "returnType": "ANY",
          "baseTypeFullName": [
            "racc.Racc.Reduce"
          ]
        },
        {
          "name": "racc.Racc.Reduce.ruleid",
          "parameterTypes": [],
          "returnType": "ANY",
          "baseTypeFullName": [
            "racc.Racc.Reduce"
          ]
        }
      ],
      "fields": []
    },
    {
      "name": "racc.Racc.Rule",
      "methods": [
        {
          "name": "racc.Racc.Rule.new",
          "parameterTypes": [],
          "returnType": "ANY",
          "baseTypeFullName": [
            "racc.Racc.Rule"
          ]
        },
        {
          "name": "racc.Racc.Rule.[]",
          "parameterTypes": [],
          "returnType": "ANY",
          "baseTypeFullName": [
            "racc.Racc.Rule"
          ]
        },
        {
          "name": "racc.Racc.Rule.accept",
          "parameterTypes": [],
          "returnType": "ANY",
          "baseTypeFullName": [
            "racc.Racc.Rule"
          ]
        },
        {
          "name": "racc.Racc.Rule.each",
          "parameterTypes": [],
          "returnType": "ANY",
          "baseTypeFullName": [
            "racc.Racc.Rule"
          ]
        },
        {
          "name": "racc.Racc.Rule.each_rule",
          "parameterTypes": [],
          "returnType": "ANY",
          "baseTypeFullName": [
            "racc.Racc.Rule"
          ]
        },
        {
          "name": "racc.Racc.Rule.empty",
          "parameterTypes": [],
          "returnType": "ANY",
          "baseTypeFullName": [
            "racc.Racc.Rule"
          ]
        },
        {
          "name": "racc.Racc.Rule.hash",
          "parameterTypes": [],
          "returnType": "ANY",
          "baseTypeFullName": [
            "racc.Racc.Rule"
          ]
        },
        {
          "name": "racc.Racc.Rule.inspect",
          "parameterTypes": [],
          "returnType": "ANY",
          "baseTypeFullName": [
            "racc.Racc.Rule"
          ]
        },
        {
          "name": "racc.Racc.Rule.null",
          "parameterTypes": [],
          "returnType": "ANY",
          "baseTypeFullName": [
            "racc.Racc.Rule"
          ]
        },
        {
          "name": "racc.Racc.Rule.nullable",
          "parameterTypes": [],
          "returnType": "ANY",
          "baseTypeFullName": [
            "racc.Racc.Rule"
          ]
        },
        {
          "name": "racc.Racc.Rule.prec",
          "parameterTypes": [],
          "returnType": "ANY",
          "baseTypeFullName": [
            "racc.Racc.Rule"
          ]
        },
        {
          "name": "racc.Racc.Rule.precedence",
          "parameterTypes": [],
          "returnType": "ANY",
          "baseTypeFullName": [
            "racc.Racc.Rule"
          ]
        },
        {
          "name": "racc.Racc.Rule.replace",
          "parameterTypes": [],
          "returnType": "ANY",
          "baseTypeFullName": [
            "racc.Racc.Rule"
          ]
        },
        {
          "name": "racc.Racc.Rule.rule",
          "parameterTypes": [],
          "returnType": "ANY",
          "baseTypeFullName": [
            "racc.Racc.Rule"
          ]
        },
        {
          "name": "racc.Racc.Rule.size",
          "parameterTypes": [],
          "returnType": "ANY",
          "baseTypeFullName": [
            "racc.Racc.Rule"
          ]
        },
        {
          "name": "racc.Racc.Rule.to_s",
          "parameterTypes": [],
          "returnType": "ANY",
          "baseTypeFullName": [
            "racc.Racc.Rule"
          ]
        },
        {
          "name": "racc.Racc.Rule.useless",
          "parameterTypes": [],
          "returnType": "ANY",
          "baseTypeFullName": [
            "racc.Racc.Rule"
          ]
        },
        {
          "name": "racc.Racc.Rule.|",
          "parameterTypes": [],
          "returnType": "ANY",
          "baseTypeFullName": [
            "racc.Racc.Rule"
          ]
        }
      ],
      "fields": []
    },
    {
      "name": "racc.Racc.SRconflict",
      "methods": [
        {
          "name": "racc.Racc.SRconflict.new",
          "parameterTypes": [],
          "returnType": "ANY",
          "baseTypeFullName": [
            "racc.Racc.SRconflict"
          ]
        },
        {
          "name": "racc.Racc.SRconflict.to_s",
          "parameterTypes": [],
          "returnType": "ANY",
          "baseTypeFullName": [
            "racc.Racc.SRconflict"
          ]
        }
      ],
      "fields": []
    },
    {
      "name": "racc.Racc.Shift",
      "methods": [
        {
          "name": "racc.Racc.Shift.new",
          "parameterTypes": [],
          "returnType": "ANY",
          "baseTypeFullName": [
            "racc.Racc.Shift"
          ]
        },
        {
          "name": "racc.Racc.Shift.goto_id",
          "parameterTypes": [],
          "returnType": "ANY",
          "baseTypeFullName": [
            "racc.Racc.Shift"
          ]
        },
        {
          "name": "racc.Racc.Shift.inspect",
          "parameterTypes": [],
          "returnType": "ANY",
          "baseTypeFullName": [
            "racc.Racc.Shift"
          ]
        }
      ],
      "fields": []
    },
    {
      "name": "racc.Racc.SourceText",
      "methods": [
        {
          "name": "racc.Racc.SourceText.new",
          "parameterTypes": [],
          "returnType": "ANY",
          "baseTypeFullName": [
            "racc.Racc.SourceText"
          ]
        },
        {
          "name": "racc.Racc.SourceText.location",
          "parameterTypes": [],
          "returnType": "ANY",
          "baseTypeFullName": [
            "racc.Racc.SourceText"
          ]
        },
        {
          "name": "racc.Racc.SourceText.to_s",
          "parameterTypes": [],
          "returnType": "ANY",
          "baseTypeFullName": [
            "racc.Racc.SourceText"
          ]
        }
      ],
      "fields": []
    },
    {
      "name": "racc.Racc.State",
      "methods": [
        {
          "name": "racc.Racc.State.new",
          "parameterTypes": [],
          "returnType": "ANY",
          "baseTypeFullName": [
            "racc.Racc.State"
          ]
        },
        {
          "name": "racc.Racc.State.check_la",
          "parameterTypes": [],
          "returnType": "ANY",
          "baseTypeFullName": [
            "racc.Racc.State"
          ]
        },
        {
          "name": "racc.Racc.State.conflict",
          "parameterTypes": [],
          "returnType": "ANY",
          "baseTypeFullName": [
            "racc.Racc.State"
          ]
        },
        {
          "name": "racc.Racc.State.eql",
          "parameterTypes": [],
          "returnType": "ANY",
          "baseTypeFullName": [
            "racc.Racc.State"
          ]
        },
        {
          "name": "racc.Racc.State.inspect",
          "parameterTypes": [],
          "returnType": "ANY",
          "baseTypeFullName": [
            "racc.Racc.State"
          ]
        },
        {
          "name": "racc.Racc.State.la",
          "parameterTypes": [],
          "returnType": "ANY",
          "baseTypeFullName": [
            "racc.Racc.State"
          ]
        },
        {
          "name": "racc.Racc.State.make_closure",
          "parameterTypes": [],
          "returnType": "ANY",
          "baseTypeFullName": [
            "racc.Racc.State"
          ]
        },
        {
          "name": "racc.Racc.State.n_rrconflicts",
          "parameterTypes": [],
          "returnType": "ANY",
          "baseTypeFullName": [
            "racc.Racc.State"
          ]
        },
        {
          "name": "racc.Racc.State.n_srconflicts",
          "parameterTypes": [],
          "returnType": "ANY",
          "baseTypeFullName": [
            "racc.Racc.State"
          ]
        },
        {
          "name": "racc.Racc.State.rr_conflict",
          "parameterTypes": [],
          "returnType": "ANY",
          "baseTypeFullName": [
            "racc.Racc.State"
          ]
        },
        {
          "name": "racc.Racc.State.rruleid",
          "parameterTypes": [],
          "returnType": "ANY",
          "baseTypeFullName": [
            "racc.Racc.State"
          ]
        },
        {
          "name": "racc.Racc.State.sr_conflict",
          "parameterTypes": [],
          "returnType": "ANY",
          "baseTypeFullName": [
            "racc.Racc.State"
          ]
        },
        {
          "name": "racc.Racc.State.to_s",
          "parameterTypes": [],
          "returnType": "ANY",
          "baseTypeFullName": [
            "racc.Racc.State"
          ]
        }
      ],
      "fields": []
    },
    {
      "name": "racc.Racc.StateTransitionTable",
      "methods": [
        {
          "name": "racc.Racc.StateTransitionTable.generate",
          "parameterTypes": [],
          "returnType": "ANY",
          "baseTypeFullName": [
            "racc.Racc.StateTransitionTable"
          ]
        },
        {
          "name": "racc.Racc.StateTransitionTable.new",
          "parameterTypes": [],
          "returnType": "ANY",
          "baseTypeFullName": [
            "racc.Racc.StateTransitionTable"
          ]
        },
        {
          "name": "racc.Racc.StateTransitionTable.parser_class",
          "parameterTypes": [],
          "returnType": "ANY",
          "baseTypeFullName": [
            "racc.Racc.StateTransitionTable"
          ]
        },
        {
          "name": "racc.Racc.StateTransitionTable.token_value_table",
          "parameterTypes": [],
          "returnType": "ANY",
          "baseTypeFullName": [
            "racc.Racc.StateTransitionTable"
          ]
        }
      ],
      "fields": []
    },
    {
      "name": "racc.Racc.StateTransitionTableGenerator",
      "methods": [
        {
          "name": "racc.Racc.StateTransitionTableGenerator.new",
          "parameterTypes": [],
          "returnType": "ANY",
          "baseTypeFullName": [
            "racc.Racc.StateTransitionTableGenerator"
          ]
        },
        {
          "name": "racc.Racc.StateTransitionTableGenerator.act2actid",
          "parameterTypes": [],
          "returnType": "ANY",
          "baseTypeFullName": [
            "racc.Racc.StateTransitionTableGenerator"
          ]
        },
        {
          "name": "racc.Racc.StateTransitionTableGenerator.addent",
          "parameterTypes": [],
          "returnType": "ANY",
          "baseTypeFullName": [
            "racc.Racc.StateTransitionTableGenerator"
          ]
        },
        {
          "name": "racc.Racc.StateTransitionTableGenerator.gen_action_tables",
          "parameterTypes": [],
          "returnType": "ANY",
          "baseTypeFullName": [
            "racc.Racc.StateTransitionTableGenerator"
          ]
        },
        {
          "name": "racc.Racc.StateTransitionTableGenerator.gen_goto_tables",
          "parameterTypes": [],
          "returnType": "ANY",
          "baseTypeFullName": [
            "racc.Racc.StateTransitionTableGenerator"
          ]
        },
        {
          "name": "racc.Racc.StateTransitionTableGenerator.generate",
          "parameterTypes": [],
          "returnType": "ANY",
          "baseTypeFullName": [
            "racc.Racc.StateTransitionTableGenerator"
          ]
        },
        {
          "name": "racc.Racc.StateTransitionTableGenerator.mkmapexp",
          "parameterTypes": [],
          "returnType": "ANY",
          "baseTypeFullName": [
            "racc.Racc.StateTransitionTableGenerator"
          ]
        },
        {
          "name": "racc.Racc.StateTransitionTableGenerator.reduce_table",
          "parameterTypes": [],
          "returnType": "ANY",
          "baseTypeFullName": [
            "racc.Racc.StateTransitionTableGenerator"
          ]
        },
        {
          "name": "racc.Racc.StateTransitionTableGenerator.set_table",
          "parameterTypes": [],
          "returnType": "ANY",
          "baseTypeFullName": [
            "racc.Racc.StateTransitionTableGenerator"
          ]
        },
        {
          "name": "racc.Racc.StateTransitionTableGenerator.token_table",
          "parameterTypes": [],
          "returnType": "ANY",
          "baseTypeFullName": [
            "racc.Racc.StateTransitionTableGenerator"
          ]
        }
      ],
      "fields": []
    },
    {
      "name": "racc.Racc.States",
      "methods": [
        {
          "name": "racc.Racc.States.new",
          "parameterTypes": [],
          "returnType": "ANY",
          "baseTypeFullName": [
            "racc.Racc.States"
          ]
        },
        {
          "name": "racc.Racc.States.[]",
          "parameterTypes": [],
          "returnType": "ANY",
          "baseTypeFullName": [
            "racc.Racc.States"
          ]
        },
        {
          "name": "racc.Racc.States.dfa",
          "parameterTypes": [],
          "returnType": "ANY",
          "baseTypeFullName": [
            "racc.Racc.States"
          ]
        },
        {
          "name": "racc.Racc.States.each",
          "parameterTypes": [],
          "returnType": "ANY",
          "baseTypeFullName": [
            "racc.Racc.States"
          ]
        },
        {
          "name": "racc.Racc.States.each_index",
          "parameterTypes": [],
          "returnType": "ANY",
          "baseTypeFullName": [
            "racc.Racc.States"
          ]
        },
        {
          "name": "racc.Racc.States.each_state",
          "parameterTypes": [],
          "returnType": "ANY",
          "baseTypeFullName": [
            "racc.Racc.States"
          ]
        },
        {
          "name": "racc.Racc.States.inspect",
          "parameterTypes": [],
          "returnType": "ANY",
          "baseTypeFullName": [
            "racc.Racc.States"
          ]
        },
        {
          "name": "racc.Racc.States.n_rrconflicts",
          "parameterTypes": [],
          "returnType": "ANY",
          "baseTypeFullName": [
            "racc.Racc.States"
          ]
        },
        {
          "name": "racc.Racc.States.n_srconflicts",
          "parameterTypes": [],
          "returnType": "ANY",
          "baseTypeFullName": [
            "racc.Racc.States"
          ]
        },
        {
          "name": "racc.Racc.States.nfa",
          "parameterTypes": [],
          "returnType": "ANY",
          "baseTypeFullName": [
            "racc.Racc.States"
          ]
        },
        {
          "name": "racc.Racc.States.rrconflict_exist",
          "parameterTypes": [],
          "returnType": "ANY",
          "baseTypeFullName": [
            "racc.Racc.States"
          ]
        },
        {
          "name": "racc.Racc.States.should_report_srconflict",
          "parameterTypes": [],
          "returnType": "ANY",
          "baseTypeFullName": [
            "racc.Racc.States"
          ]
        },
        {
          "name": "racc.Racc.States.size",
          "parameterTypes": [],
          "returnType": "ANY",
          "baseTypeFullName": [
            "racc.Racc.States"
          ]
        },
        {
          "name": "racc.Racc.States.srconflict_exist",
          "parameterTypes": [],
          "returnType": "ANY",
          "baseTypeFullName": [
            "racc.Racc.States"
          ]
        },
        {
          "name": "racc.Racc.States.state_transition_table",
          "parameterTypes": [],
          "returnType": "ANY",
          "baseTypeFullName": [
            "racc.Racc.States"
          ]
        },
        {
          "name": "racc.Racc.States.to_s",
          "parameterTypes": [],
          "returnType": "ANY",
          "baseTypeFullName": [
            "racc.Racc.States"
          ]
        }
      ],
      "fields": []
    },
    {
      "name": "racc.Racc.Sym",
      "methods": [
        {
          "name": "racc.Racc.Sym.new",
          "parameterTypes": [],
          "returnType": "ANY",
          "baseTypeFullName": [
            "racc.Racc.Sym"
          ]
        },
        {
          "name": "racc.Racc.Sym.once_writer",
          "parameterTypes": [],
          "returnType": "ANY",
          "baseTypeFullName": [
            "racc.Racc.Sym"
          ]
        },
        {
          "name": "racc.Racc.Sym.dummy",
          "parameterTypes": [],
          "returnType": "ANY",
          "baseTypeFullName": [
            "racc.Racc.Sym"
          ]
        },
        {
          "name": "racc.Racc.Sym.inspect",
          "parameterTypes": [],
          "returnType": "ANY",
          "baseTypeFullName": [
            "racc.Racc.Sym"
          ]
        },
        {
          "name": "racc.Racc.Sym.nonterminal",
          "parameterTypes": [],
          "returnType": "ANY",
          "baseTypeFullName": [
            "racc.Racc.Sym"
          ]
        },
        {
          "name": "racc.Racc.Sym.null",
          "parameterTypes": [],
          "returnType": "ANY",
          "baseTypeFullName": [
            "racc.Racc.Sym"
          ]
        },
        {
          "name": "racc.Racc.Sym.nullable",
          "parameterTypes": [],
          "returnType": "ANY",
          "baseTypeFullName": [
            "racc.Racc.Sym"
          ]
        },
        {
          "name": "racc.Racc.Sym.rule",
          "parameterTypes": [],
          "returnType": "ANY",
          "baseTypeFullName": [
            "racc.Racc.Sym"
          ]
        },
        {
          "name": "racc.Racc.Sym.self_null",
          "parameterTypes": [],
          "returnType": "ANY",
          "baseTypeFullName": [
            "racc.Racc.Sym"
          ]
        },
        {
          "name": "racc.Racc.Sym.serialize",
          "parameterTypes": [],
          "returnType": "ANY",
          "baseTypeFullName": [
            "racc.Racc.Sym"
          ]
        },
        {
          "name": "racc.Racc.Sym.should_terminal",
          "parameterTypes": [],
          "returnType": "ANY",
          "baseTypeFullName": [
            "racc.Racc.Sym"
          ]
        },
        {
          "name": "racc.Racc.Sym.string_symbol",
          "parameterTypes": [],
          "returnType": "ANY",
          "baseTypeFullName": [
            "racc.Racc.Sym"
          ]
        },
        {
          "name": "racc.Racc.Sym.term",
          "parameterTypes": [],
          "returnType": "ANY",
          "baseTypeFullName": [
            "racc.Racc.Sym"
          ]
        },
        {
          "name": "racc.Racc.Sym.terminal",
          "parameterTypes": [],
          "returnType": "ANY",
          "baseTypeFullName": [
            "racc.Racc.Sym"
          ]
        },
        {
          "name": "racc.Racc.Sym.to_s",
          "parameterTypes": [],
          "returnType": "ANY",
          "baseTypeFullName": [
            "racc.Racc.Sym"
          ]
        },
        {
          "name": "racc.Racc.Sym.useless",
          "parameterTypes": [],
          "returnType": "ANY",
          "baseTypeFullName": [
            "racc.Racc.Sym"
          ]
        },
        {
          "name": "racc.Racc.Sym.|",
          "parameterTypes": [],
          "returnType": "ANY",
          "baseTypeFullName": [
            "racc.Racc.Sym"
          ]
        }
      ],
      "fields": []
    },
    {
      "name": "racc.Racc.SymbolTable",
      "methods": [
        {
          "name": "racc.Racc.SymbolTable.new",
          "parameterTypes": [],
          "returnType": "ANY",
          "baseTypeFullName": [
            "racc.Racc.SymbolTable"
          ]
        },
        {
          "name": "racc.Racc.SymbolTable.[]",
          "parameterTypes": [],
          "returnType": "ANY",
          "baseTypeFullName": [
            "racc.Racc.SymbolTable"
          ]
        },
        {
          "name": "racc.Racc.SymbolTable.delete",
          "parameterTypes": [],
          "returnType": "ANY",
          "baseTypeFullName": [
            "racc.Racc.SymbolTable"
          ]
        },
        {
          "name": "racc.Racc.SymbolTable.each",
          "parameterTypes": [],
          "returnType": "ANY",
          "baseTypeFullName": [
            "racc.Racc.SymbolTable"
          ]
        },
        {
          "name": "racc.Racc.SymbolTable.each_nonterminal",
          "parameterTypes": [],
          "returnType": "ANY",
          "baseTypeFullName": [
            "racc.Racc.SymbolTable"
          ]
        },
        {
          "name": "racc.Racc.SymbolTable.each_terminal",
          "parameterTypes": [],
          "returnType": "ANY",
          "baseTypeFullName": [
            "racc.Racc.SymbolTable"
          ]
        },
        {
          "name": "racc.Racc.SymbolTable.fix",
          "parameterTypes": [],
          "returnType": "ANY",
          "baseTypeFullName": [
            "racc.Racc.SymbolTable"
          ]
        },
        {
          "name": "racc.Racc.SymbolTable.intern",
          "parameterTypes": [],
          "returnType": "ANY",
          "baseTypeFullName": [
            "racc.Racc.SymbolTable"
          ]
        },
        {
          "name": "racc.Racc.SymbolTable.nonterminals",
          "parameterTypes": [],
          "returnType": "ANY",
          "baseTypeFullName": [
            "racc.Racc.SymbolTable"
          ]
        },
        {
          "name": "racc.Racc.SymbolTable.nt_max",
          "parameterTypes": [],
          "returnType": "ANY",
          "baseTypeFullName": [
            "racc.Racc.SymbolTable"
          ]
        },
        {
          "name": "racc.Racc.SymbolTable.terminals",
          "parameterTypes": [],
          "returnType": "ANY",
          "baseTypeFullName": [
            "racc.Racc.SymbolTable"
          ]
        }
      ],
      "fields": []
    },
    {
      "name": "racc.Racc.UserAction",
      "methods": [
        {
          "name": "racc.Racc.UserAction.empty",
          "parameterTypes": [],
          "returnType": "ANY",
          "baseTypeFullName": [
            "racc.Racc.UserAction"
          ]
        },
        {
          "name": "racc.Racc.UserAction.new",
          "parameterTypes": [],
          "returnType": "ANY",
          "baseTypeFullName": [
            "racc.Racc.UserAction"
          ]
        },
        {
          "name": "racc.Racc.UserAction.proc",
          "parameterTypes": [],
          "returnType": "ANY",
          "baseTypeFullName": [
            "racc.Racc.UserAction"
          ]
        },
        {
          "name": "racc.Racc.UserAction.source_text",
          "parameterTypes": [],
          "returnType": "ANY",
          "baseTypeFullName": [
            "racc.Racc.UserAction"
          ]
        },
        {
          "name": "racc.Racc.UserAction.inspect",
          "parameterTypes": [],
          "returnType": "ANY",
          "baseTypeFullName": [
            "racc.Racc.UserAction"
          ]
        },
        {
          "name": "racc.Racc.UserAction.name",
          "parameterTypes": [],
          "returnType": "ANY",
          "baseTypeFullName": [
            "racc.Racc.UserAction"
          ]
        },
        {
          "name": "racc.Racc.UserAction.source",
          "parameterTypes": [],
          "returnType": "ANY",
          "baseTypeFullName": [
            "racc.Racc.UserAction"
          ]
        }
      ],
      "fields": []
    }
  ]
}