{
  "rake.Rake": [
    {
      "name": "rake.Rake.Application",
      "methods": [
        {
          "name": "rake.Rake.Application.new",
          "parameterTypes": [],
          "returnType": "ANY",
          "baseTypeFullName": [
            "rake.Rake.Application"
          ]
        },
        {
          "name": "rake.Rake.Application.add_loader",
          "parameterTypes": [],
          "returnType": "ANY",
          "baseTypeFullName": [
            "rake.Rake.Application"
          ]
        },
        {
          "name": "rake.Rake.Application.execute",
          "parameterTypes": [],
          "returnType": "ANY",
          "baseTypeFullName": [
            "rake.Rake.Application"
          ]
        },
        {
          "name": "rake.Rake.Application.init",
          "parameterTypes": [],
          "returnType": "ANY",
          "baseTypeFullName": [
            "rake.Rake.Application"
          ]
        },
        {
          "name": "rake.Rake.Application.load_rakefile",
          "parameterTypes": [],
          "returnType": "ANY",
          "baseTypeFullName": [
            "rake.Rake.Application"
          ]
        },
        {
          "name": "rake.Rake.Application.options",
          "parameterTypes": [],
          "returnType": "ANY",
          "baseTypeFullName": [
            "rake.Rake.Application"
          ]
        },
        {
          "name": "rake.Rake.Application.run",
          "parameterTypes": [],
          "returnType": "ANY",
          "baseTypeFullName": [
            "rake.Rake.Application"
          ]
        },
        {
          "name": "rake.Rake.Application.run_with_threads",
          "parameterTypes": [],
          "returnType": "ANY",
          "baseTypeFullName": [
            "rake.Rake.Application"
          ]
        },
        {
          "name": "rake.Rake.Application.top_level",
          "parameterTypes": [],
          "returnType": "ANY",
          "baseTypeFullName": [
            "rake.Rake.Application"
          ]
        }
      ],
      "fields": []
    },
    {
      "name": "rake.Rake.DSL",
      "methods": [],
      "fields": []
    },
    {
      "name": "rake.Rake.DefaultLoader",
      "methods": [
        {
          "name": "rake.Rake.DefaultLoader.load",
          "parameterTypes": [],
          "returnType": "ANY",
          "baseTypeFullName": [
            "rake.Rake.DefaultLoader"
          ]
        }
      ],
      "fields": []
    },
    {
      "name": "rake.Rake.EarlyTime",
      "methods": [
        {
          "name": "rake.Rake.EarlyTime.<>",
          "parameterTypes": [],
          "returnType": "ANY",
          "baseTypeFullName": [
            "rake.Rake.EarlyTime"
          ]
        }
      ],
      "fields": []
    },
    {
      "name": "rake.Rake.FileCreationTask",
      "methods": [
        {
          "name": "rake.Rake.FileCreationTask.needed",
          "parameterTypes": [],
          "returnType": "ANY",
          "baseTypeFullName": [
            "rake.Rake.FileCreationTask"
          ]
        },
        {
          "name": "rake.Rake.FileCreationTask.timestamp",
          "parameterTypes": [],
          "returnType": "ANY",
          "baseTypeFullName": [
            "rake.Rake.FileCreationTask"
          ]
        }
      ],
      "fields": []
    },
    {
      "name": "rake.Rake.FileList",
      "methods": [
        {
          "name": "rake.Rake.FileList.[]",
          "parameterTypes": [],
          "returnType": "ANY",
          "baseTypeFullName": [
            "rake.Rake.FileList"
          ]
        },
        {
          "name": "rake.Rake.FileList.glob",
          "parameterTypes": [],
          "returnType": "ANY",
          "baseTypeFullName": [
            "rake.Rake.FileList"
          ]
        },
        {
          "name": "rake.Rake.FileList.new",
          "parameterTypes": [],
          "returnType": "ANY",
          "baseTypeFullName": [
            "rake.Rake.FileList"
          ]
        },
        {
          "name": "rake.Rake.FileList.*",
          "parameterTypes": [],
          "returnType": "ANY",
          "baseTypeFullName": [
            "rake.Rake.FileList"
          ]
        },
        {
          "name": "rake.Rake.FileList.<<",
          "parameterTypes": [],
          "returnType": "ANY",
          "baseTypeFullName": [
            "rake.Rake.FileList"
          ]
        },
        {
          "name": "rake.Rake.FileList.add",
          "parameterTypes": [],
          "returnType": "ANY",
          "baseTypeFullName": [
            "rake.Rake.FileList"
          ]
        },
        {
          "name": "rake.Rake.FileList.clear_exclude",
          "parameterTypes": [],
          "returnType": "ANY",
          "baseTypeFullName": [
            "rake.Rake.FileList"
          ]
        },
        {
          "name": "rake.Rake.FileList.egrep",
          "parameterTypes": [],
          "returnType": "ANY",
          "baseTypeFullName": [
            "rake.Rake.FileList"
          ]
        },
        {
          "name": "rake.Rake.FileList.exclude",
          "parameterTypes": [],
          "returnType": "ANY",
          "baseTypeFullName": [
            "rake.Rake.FileList"
          ]
        },
        {
          "name": "rake.Rake.FileList.excluded_from_list",
          "parameterTypes": [],
          "returnType": "ANY",
          "baseTypeFullName": [
            "rake.Rake.FileList"
          ]
        },
        {
          "name": "rake.Rake.FileList.existing",
          "parameterTypes": [],
          "returnType": "ANY",
          "baseTypeFullName": [
            "rake.Rake.FileList"
          ]
        },
        {
          "name": "rake.Rake.FileList.ext",
          "parameterTypes": [],
          "returnType": "ANY",
          "baseTypeFullName": [
            "rake.Rake.FileList"
          ]
        },
        {
          "name": "rake.Rake.FileList.gsub",
          "parameterTypes": [],
          "returnType": "ANY",
          "baseTypeFullName": [
            "rake.Rake.FileList"
          ]
        },
        {
          "name": "rake.Rake.FileList.include",
          "parameterTypes": [],
          "returnType": "ANY",
          "baseTypeFullName": [
            "rake.Rake.FileList"
          ]
        },
        {
          "name": "rake.Rake.FileList.is_a",
          "parameterTypes": [],
          "returnType": "ANY",
          "baseTypeFullName": [
            "rake.Rake.FileList"
          ]
        },
        {
          "name": "rake.Rake.FileList.kind_of",
          "parameterTypes": [],
          "returnType": "ANY",
          "baseTypeFullName": [
            "rake.Rake.FileList"
          ]
        },
        {
          "name": "rake.Rake.FileList.pathmap",
          "parameterTypes": [],
          "returnType": "ANY",
          "baseTypeFullName": [
            "rake.Rake.FileList"
          ]
        },
        {
          "name": "rake.Rake.FileList.resolve",
          "parameterTypes": [],
          "returnType": "ANY",
          "baseTypeFullName": [
            "rake.Rake.FileList"
          ]
        },
        {
          "name": "rake.Rake.FileList.sub",
          "parameterTypes": [],
          "returnType": "ANY",
          "baseTypeFullName": [
            "rake.Rake.FileList"
          ]
        },
        {
          "name": "rake.Rake.FileList.to_a",
          "parameterTypes": [],
          "returnType": "ANY",
          "baseTypeFullName": [
            "rake.Rake.FileList"
          ]
        },
        {
          "name": "rake.Rake.FileList.to_ary",
          "parameterTypes": [],
          "returnType": "ANY",
          "baseTypeFullName": [
            "rake.Rake.FileList"
          ]
        },
        {
          "name": "rake.Rake.FileList.to_s",
          "parameterTypes": [],
          "returnType": "ANY",
          "baseTypeFullName": [
            "rake.Rake.FileList"
          ]
        }
      ],
      "fields": []
    },
    {
      "name": "rake.Rake.FileTask",
      "methods": [
        {
          "name": "rake.Rake.FileTask.needed",
          "parameterTypes": [],
          "returnType": "ANY",
          "baseTypeFullName": [
            "rake.Rake.FileTask"
          ]
        },
        {
          "name": "rake.Rake.FileTask.timestamp",
          "parameterTypes": [],
          "returnType": "ANY",
          "baseTypeFullName": [
            "rake.Rake.FileTask"
          ]
        }
      ],
      "fields": []
    },
    {
      "name": "rake.Rake.RakeFileUtils",
      "methods": [
        {
          "name": "rake.Rake.RakeFileUtils.nowrite",
          "parameterTypes": [],
          "returnType": "ANY",
          "baseTypeFullName": [
            "rake.Rake.RakeFileUtils"
          ]
        },
        {
          "name": "rake.Rake.RakeFileUtils.rake_check_options",
          "parameterTypes": [],
          "returnType": "ANY",
          "baseTypeFullName": [
            "rake.Rake.RakeFileUtils"
          ]
        },
        {
          "name": "rake.Rake.RakeFileUtils.rake_output_message",
          "parameterTypes": [],
          "returnType": "ANY",
          "baseTypeFullName": [
            "rake.Rake.RakeFileUtils"
          ]
        },
        {
          "name": "rake.Rake.RakeFileUtils.verbose",
          "parameterTypes": [],
          "returnType": "ANY",
          "baseTypeFullName": [
            "rake.Rake.RakeFileUtils"
          ]
        },
        {
          "name": "rake.Rake.RakeFileUtils.when_writing",
          "parameterTypes": [],
          "returnType": "ANY",
          "baseTypeFullName": [
            "rake.Rake.RakeFileUtils"
          ]
        }
      ],
      "fields": []
    },
    {
      "name": "rake.Rake.InvocationChain",
      "methods": [
        {
          "name": "rake.Rake.InvocationChain.append",
          "parameterTypes": [],
          "returnType": "ANY",
          "baseTypeFullName": [
            "rake.Rake.InvocationChain"
          ]
        },
        {
          "name": "rake.Rake.InvocationChain.member",
          "parameterTypes": [],
          "returnType": "ANY",
          "baseTypeFullName": [
            "rake.Rake.InvocationChain"
          ]
        },
        {
          "name": "rake.Rake.InvocationChain.to_s",
          "parameterTypes": [],
          "returnType": "ANY",
          "baseTypeFullName": [
            "rake.Rake.InvocationChain"
          ]
        }
      ],
      "fields": []
    },
    {
      "name": "rake.Rake.InvocationExceptionMixin",
      "methods": [
        {
          "name": "rake.Rake.InvocationExceptionMixin.chain",
          "parameterTypes": [],
          "returnType": "ANY",
          "baseTypeFullName": [
            "rake.Rake.InvocationExceptionMixin"
          ]
        }
      ],
      "fields": []
    },
    {
      "name": "rake.Rake.LateTime",
      "methods": [
        {
          "name": "rake.Rake.LateTime.<>",
          "parameterTypes": [],
          "returnType": "ANY",
          "baseTypeFullName": [
            "rake.Rake.LateTime"
          ]
        },
        {
          "name": "rake.Rake.LateTime.to_s",
          "parameterTypes": [],
          "returnType": "ANY",
          "baseTypeFullName": [
            "rake.Rake.LateTime"
          ]
        }
      ],
      "fields": []
    },
    {
      "name": "rake.Rake.LinkedList",
      "methods": [
        {
          "name": "rake.Rake.LinkedList.cons",
          "parameterTypes": [],
          "returnType": "ANY",
          "baseTypeFullName": [
            "rake.Rake.LinkedList"
          ]
        },
        {
          "name": "rake.Rake.LinkedList.empty",
          "parameterTypes": [],
          "returnType": "ANY",
          "baseTypeFullName": [
            "rake.Rake.LinkedList"
          ]
        },
        {
          "name": "rake.Rake.LinkedList.make",
          "parameterTypes": [],
          "returnType": "ANY",
          "baseTypeFullName": [
            "rake.Rake.LinkedList"
          ]
        },
        {
          "name": "rake.Rake.LinkedList.new",
          "parameterTypes": [],
          "returnType": "ANY",
          "baseTypeFullName": [
            "rake.Rake.LinkedList"
          ]
        },
        {
          "name": "rake.Rake.LinkedList.conj",
          "parameterTypes": [],
          "returnType": "ANY",
          "baseTypeFullName": [
            "rake.Rake.LinkedList"
          ]
        },
        {
          "name": "rake.Rake.LinkedList.each",
          "parameterTypes": [],
          "returnType": "ANY",
          "baseTypeFullName": [
            "rake.Rake.LinkedList"
          ]
        },
        {
          "name": "rake.Rake.LinkedList.inspect",
          "parameterTypes": [],
          "returnType": "ANY",
          "baseTypeFullName": [
            "rake.Rake.LinkedList"
          ]
        },
        {
          "name": "rake.Rake.LinkedList.to_s",
          "parameterTypes": [],
          "returnType": "ANY",
          "baseTypeFullName": [
            "rake.Rake.LinkedList"
          ]
        }
      ],
      "fields": []
    },
    {
      "name": "rake.Rake.MakefileLoader",
      "methods": [],
      "fields": []
    },
    {
      "name": "rake.Rake.MultiTask",
      "methods": [],
      "fields": []
    },
    {
      "name": "rake.Rake.NameSpace",
      "methods": [
        {
          "name": "rake.Rake.NameSpace.new",
          "parameterTypes": [],
          "returnType": "ANY",
          "baseTypeFullName": [
            "rake.Rake.NameSpace"
          ]
        },
        {
          "name": "rake.Rake.NameSpace.[]",
          "parameterTypes": [],
          "returnType": "ANY",
          "baseTypeFullName": [
            "rake.Rake.NameSpace"
          ]
        },
        {
          "name": "rake.Rake.NameSpace.scope",
          "parameterTypes": [],
          "returnType": "ANY",
          "baseTypeFullName": [
            "rake.Rake.NameSpace"
          ]
        },
        {
          "name": "rake.Rake.NameSpace.tasks",
          "parameterTypes": [],
          "returnType": "ANY",
          "baseTypeFullName": [
            "rake.Rake.NameSpace"
          ]
        }
      ],
      "fields": []
    },
    {
      "name": "rake.Rake.PackageTask",
      "methods": [
        {
          "name": "rake.Rake.PackageTask.new",
          "parameterTypes": [],
          "returnType": "ANY",
          "baseTypeFullName": [
            "rake.Rake.PackageTask"
          ]
        },
        {
          "name": "rake.Rake.PackageTask.define",
          "parameterTypes": [],
          "returnType": "ANY",
          "baseTypeFullName": [
            "rake.Rake.PackageTask"
          ]
        },
        {
          "name": "rake.Rake.PackageTask.init",
          "parameterTypes": [],
          "returnType": "ANY",
          "baseTypeFullName": [
            "rake.Rake.PackageTask"
          ]
        },
        {
          "name": "rake.Rake.PackageTask.package_dir_path",
          "parameterTypes": [],
          "returnType": "ANY",
          "baseTypeFullName": [
            "rake.Rake.PackageTask"
          ]
        },
        {
          "name": "rake.Rake.PackageTask.package_name",
          "parameterTypes": [],
          "returnType": "ANY",
          "baseTypeFullName": [
            "rake.Rake.PackageTask"
          ]
        },
        {
          "name": "rake.Rake.PackageTask.tar_bz2_file",
          "parameterTypes": [],
          "returnType": "ANY",
          "baseTypeFullName": [
            "rake.Rake.PackageTask"
          ]
        },
        {
          "name": "rake.Rake.PackageTask.tar_gz_file",
          "parameterTypes": [],
          "returnType": "ANY",
          "baseTypeFullName": [
            "rake.Rake.PackageTask"
          ]
        },
        {
          "name": "rake.Rake.PackageTask.tar_xz_file",
          "parameterTypes": [],
          "returnType": "ANY",
          "baseTypeFullName": [
            "rake.Rake.PackageTask"
          ]
        },
        {
          "name": "rake.Rake.PackageTask.target_dir",
          "parameterTypes": [],
          "returnType": "ANY",
          "baseTypeFullName": [
            "rake.Rake.PackageTask"
          ]
        },
        {
          "name": "rake.Rake.PackageTask.tgz_file",
          "parameterTypes": [],
          "returnType": "ANY",
          "baseTypeFullName": [
            "rake.Rake.PackageTask"
          ]
        },
        {
          "name": "rake.Rake.PackageTask.working_dir",
          "parameterTypes": [],
          "returnType": "ANY",
          "baseTypeFullName": [
            "rake.Rake.PackageTask"
          ]
        },
        {
          "name": "rake.Rake.PackageTask.zip_file",
          "parameterTypes": [],
          "returnType": "ANY",
          "baseTypeFullName": [
            "rake.Rake.PackageTask"
          ]
        }
      ],
      "fields": []
    },
    {
      "name": "rake.Rake.PrivateReader",
      "methods": [],
      "fields": []
    },
    {
      "name": "rake.Rake.RakeFileUtils",
      "methods": [
        {
          "name": "rake.Rake.RakeFileUtils.nowrite",
          "parameterTypes": [],
          "returnType": "ANY",
          "baseTypeFullName": [
            "rake.Rake.RakeFileUtils"
          ]
        },
        {
          "name": "rake.Rake.RakeFileUtils.rake_check_options",
          "parameterTypes": [],
          "returnType": "ANY",
          "baseTypeFullName": [
            "rake.Rake.RakeFileUtils"
          ]
        },
        {
          "name": "rake.Rake.RakeFileUtils.rake_output_message",
          "parameterTypes": [],
          "returnType": "ANY",
          "baseTypeFullName": [
            "rake.Rake.RakeFileUtils"
          ]
        },
        {
          "name": "rake.Rake.RakeFileUtils.verbose",
          "parameterTypes": [],
          "returnType": "ANY",
          "baseTypeFullName": [
            "rake.Rake.RakeFileUtils"
          ]
        },
        {
          "name": "rake.Rake.RakeFileUtils.when_writing",
          "parameterTypes": [],
          "returnType": "ANY",
          "baseTypeFullName": [
            "rake.Rake.RakeFileUtils"
          ]
        }
      ],
      "fields": []
    },
    {
      "name": "rake.Rake.RuleRecursionOverflowError",
      "methods": [
        {
          "name": "rake.Rake.RuleRecursionOverflowError.new",
          "parameterTypes": [],
          "returnType": "ANY",
          "baseTypeFullName": [
            "rake.Rake.RuleRecursionOverflowError"
          ]
        },
        {
          "name": "rake.Rake.RuleRecursionOverflowError.add_target",
          "parameterTypes": [],
          "returnType": "ANY",
          "baseTypeFullName": [
            "rake.Rake.RuleRecursionOverflowError"
          ]
        },
        {
          "name": "rake.Rake.RuleRecursionOverflowError.message",
          "parameterTypes": [],
          "returnType": "ANY",
          "baseTypeFullName": [
            "rake.Rake.RuleRecursionOverflowError"
          ]
        }
      ],
      "fields": []
    },
    {
      "name": "rake.Rake.Scope",
      "methods": [],
      "fields": []
    },
    {
      "name": "rake.Rake.Task",
      "methods": [
        {
          "name": "rake.Rake.Task.[]",
          "parameterTypes": [],
          "returnType": "ANY",
          "baseTypeFullName": [
            "rake.Rake.Task"
          ]
        },
        {
          "name": "rake.Rake.Task.clear",
          "parameterTypes": [],
          "returnType": "ANY",
          "baseTypeFullName": [
            "rake.Rake.Task"
          ]
        },
        {
          "name": "rake.Rake.Task.create_rule",
          "parameterTypes": [],
          "returnType": "ANY",
          "baseTypeFullName": [
            "rake.Rake.Task"
          ]
        },
        {
          "name": "rake.Rake.Task.define_task",
          "parameterTypes": [],
          "returnType": "ANY",
          "baseTypeFullName": [
            "rake.Rake.Task"
          ]
        },
        {
          "name": "rake.Rake.Task.format_deps",
          "parameterTypes": [],
          "returnType": "ANY",
          "baseTypeFullName": [
            "rake.Rake.Task"
          ]
        },
        {
          "name": "rake.Rake.Task.new",
          "parameterTypes": [],
          "returnType": "ANY",
          "baseTypeFullName": [
            "rake.Rake.Task"
          ]
        },
        {
          "name": "rake.Rake.Task.scope_name",
          "parameterTypes": [],
          "returnType": "ANY",
          "baseTypeFullName": [
            "rake.Rake.Task"
          ]
        },
        {
          "name": "rake.Rake.Task.task_defined",
          "parameterTypes": [],
          "returnType": "ANY",
          "baseTypeFullName": [
            "rake.Rake.Task"
          ]
        },
        {
          "name": "rake.Rake.Task.tasks",
          "parameterTypes": [],
          "returnType": "ANY",
          "baseTypeFullName": [
            "rake.Rake.Task"
          ]
        },
        {
          "name": "rake.Rake.Task.add_description",
          "parameterTypes": [],
          "returnType": "ANY",
          "baseTypeFullName": [
            "rake.Rake.Task"
          ]
        },
        {
          "name": "rake.Rake.Task.all_prerequisite_tasks",
          "parameterTypes": [],
          "returnType": "ANY",
          "baseTypeFullName": [
            "rake.Rake.Task"
          ]
        },
        {
          "name": "rake.Rake.Task.arg_names",
          "parameterTypes": [],
          "returnType": "ANY",
          "baseTypeFullName": [
            "rake.Rake.Task"
          ]
        },
        {
          "name": "rake.Rake.Task.clear_actions",
          "parameterTypes": [],
          "returnType": "ANY",
          "baseTypeFullName": [
            "rake.Rake.Task"
          ]
        },
        {
          "name": "rake.Rake.Task.clear_args",
          "parameterTypes": [],
          "returnType": "ANY",
          "baseTypeFullName": [
            "rake.Rake.Task"
          ]
        },
        {
          "name": "rake.Rake.Task.clear_comments",
          "parameterTypes": [],
          "returnType": "ANY",
          "baseTypeFullName": [
            "rake.Rake.Task"
          ]
        },
        {
          "name": "rake.Rake.Task.clear_prerequisites",
          "parameterTypes": [],
          "returnType": "ANY",
          "baseTypeFullName": [
            "rake.Rake.Task"
          ]
        },
        {
          "name": "rake.Rake.Task.comment",
          "parameterTypes": [],
          "returnType": "ANY",
          "baseTypeFullName": [
            "rake.Rake.Task"
          ]
        },
        {
          "name": "rake.Rake.Task.enhance",
          "parameterTypes": [],
          "returnType": "ANY",
          "baseTypeFullName": [
            "rake.Rake.Task"
          ]
        },
        {
          "name": "rake.Rake.Task.execute",
          "parameterTypes": [],
          "returnType": "ANY",
          "baseTypeFullName": [
            "rake.Rake.Task"
          ]
        },
        {
          "name": "rake.Rake.Task.full_comment",
          "parameterTypes": [],
          "returnType": "ANY",
          "baseTypeFullName": [
            "rake.Rake.Task"
          ]
        },
        {
          "name": "rake.Rake.Task.investigation",
          "parameterTypes": [],
          "returnType": "ANY",
          "baseTypeFullName": [
            "rake.Rake.Task"
          ]
        },
        {
          "name": "rake.Rake.Task.invoke",
          "parameterTypes": [],
          "returnType": "ANY",
          "baseTypeFullName": [
            "rake.Rake.Task"
          ]
        },
        {
          "name": "rake.Rake.Task.name",
          "parameterTypes": [],
          "returnType": "ANY",
          "baseTypeFullName": [
            "rake.Rake.Task"
          ]
        },
        {
          "name": "rake.Rake.Task.needed",
          "parameterTypes": [],
          "returnType": "ANY",
          "baseTypeFullName": [
            "rake.Rake.Task"
          ]
        },
        {
          "name": "rake.Rake.Task.prerequisite_tasks",
          "parameterTypes": [],
          "returnType": "ANY",
          "baseTypeFullName": [
            "rake.Rake.Task"
          ]
        },
        {
          "name": "rake.Rake.Task.reenable",
          "parameterTypes": [],
          "returnType": "ANY",
          "baseTypeFullName": [
            "rake.Rake.Task"
          ]
        },
        {
          "name": "rake.Rake.Task.set_arg_names",
          "parameterTypes": [],
          "returnType": "ANY",
          "baseTypeFullName": [
            "rake.Rake.Task"
          ]
        },
        {
          "name": "rake.Rake.Task.source",
          "parameterTypes": [],
          "returnType": "ANY",
          "baseTypeFullName": [
            "rake.Rake.Task"
          ]
        },
        {
          "name": "rake.Rake.Task.sources",
          "parameterTypes": [],
          "returnType": "ANY",
          "baseTypeFullName": [
            "rake.Rake.Task"
          ]
        },
        {
          "name": "rake.Rake.Task.timestamp",
          "parameterTypes": [],
          "returnType": "ANY",
          "baseTypeFullName": [
            "rake.Rake.Task"
          ]
        },
        {
          "name": "rake.Rake.Task.to_s",
          "parameterTypes": [],
          "returnType": "ANY",
          "baseTypeFullName": [
            "rake.Rake.Task"
          ]
        },
        {
          "name": "rake.Rake.Task.|",
          "parameterTypes": [],
          "returnType": "ANY",
          "baseTypeFullName": [
            "rake.Rake.Task"
          ]
        }
      ],
      "fields": []
    },
    {
      "name": "rake.Rake.TaskArgumentError",
      "methods": [],
      "fields": []
    },
    {
      "name": "rake.Rake.TaskArguments",
      "methods": [
        {
          "name": "rake.Rake.TaskArguments.new",
          "parameterTypes": [],
          "returnType": "ANY",
          "baseTypeFullName": [
            "rake.Rake.TaskArguments"
          ]
        },
        {
          "name": "rake.Rake.TaskArguments.[]",
          "parameterTypes": [],
          "returnType": "ANY",
          "baseTypeFullName": [
            "rake.Rake.TaskArguments"
          ]
        },
        {
          "name": "rake.Rake.TaskArguments.each",
          "parameterTypes": [],
          "returnType": "ANY",
          "baseTypeFullName": [
            "rake.Rake.TaskArguments"
          ]
        },
        {
          "name": "rake.Rake.TaskArguments.extras",
          "parameterTypes": [],
          "returnType": "ANY",
          "baseTypeFullName": [
            "rake.Rake.TaskArguments"
          ]
        },
        {
          "name": "rake.Rake.TaskArguments.fetch",
          "parameterTypes": [],
          "returnType": "ANY",
          "baseTypeFullName": [
            "rake.Rake.TaskArguments"
          ]
        },
        {
          "name": "rake.Rake.TaskArguments.has_key",
          "parameterTypes": [],
          "returnType": "ANY",
          "baseTypeFullName": [
            "rake.Rake.TaskArguments"
          ]
        },
        {
          "name": "rake.Rake.TaskArguments.key",
          "parameterTypes": [],
          "returnType": "ANY",
          "baseTypeFullName": [
            "rake.Rake.TaskArguments"
          ]
        },
        {
          "name": "rake.Rake.TaskArguments.method_missing",
          "parameterTypes": [],
          "returnType": "ANY",
          "baseTypeFullName": [
            "rake.Rake.TaskArguments"
          ]
        },
        {
          "name": "rake.Rake.TaskArguments.new_scope",
          "parameterTypes": [],
          "returnType": "ANY",
          "baseTypeFullName": [
            "rake.Rake.TaskArguments"
          ]
        },
        {
          "name": "rake.Rake.TaskArguments.to_a",
          "parameterTypes": [],
          "returnType": "ANY",
          "baseTypeFullName": [
            "rake.Rake.TaskArguments"
          ]
        },
        {
          "name": "rake.Rake.TaskArguments.to_hash",
          "parameterTypes": [],
          "returnType": "ANY",
          "baseTypeFullName": [
            "rake.Rake.TaskArguments"
          ]
        },
        {
          "name": "rake.Rake.TaskArguments.values_at",
          "parameterTypes": [],
          "returnType": "ANY",
          "baseTypeFullName": [
            "rake.Rake.TaskArguments"
          ]
        },
        {
          "name": "rake.Rake.TaskArguments.with_defaults",
          "parameterTypes": [],
          "returnType": "ANY",
          "baseTypeFullName": [
            "rake.Rake.TaskArguments"
          ]
        }
      ],
      "fields": []
    },
    {
      "name": "rake.Rake.TaskLib",
      "methods": [],
      "fields": []
    },
    {
      "name": "rake.Rake.TaskManager",
      "methods": [
        {
          "name": "rake.Rake.TaskManager.[]",
          "parameterTypes": [],
          "returnType": "ANY",
          "baseTypeFullName": [
            "rake.Rake.TaskManager"
          ]
        },
        {
          "name": "rake.Rake.TaskManager.clear",
          "parameterTypes": [],
          "returnType": "ANY",
          "baseTypeFullName": [
            "rake.Rake.TaskManager"
          ]
        },
        {
          "name": "rake.Rake.TaskManager.current_scope",
          "parameterTypes": [],
          "returnType": "ANY",
          "baseTypeFullName": [
            "rake.Rake.TaskManager"
          ]
        },
        {
          "name": "rake.Rake.TaskManager.enhance_with_matching_rule",
          "parameterTypes": [],
          "returnType": "ANY",
          "baseTypeFullName": [
            "rake.Rake.TaskManager"
          ]
        },
        {
          "name": "rake.Rake.TaskManager.generate_did_you_mean_suggestions",
          "parameterTypes": [],
          "returnType": "ANY",
          "baseTypeFullName": [
            "rake.Rake.TaskManager"
          ]
        },
        {
          "name": "rake.Rake.TaskManager.generate_message_for_undefined_task",
          "parameterTypes": [],
          "returnType": "ANY",
          "baseTypeFullName": [
            "rake.Rake.TaskManager"
          ]
        },
        {
          "name": "rake.Rake.TaskManager.in_namespace",
          "parameterTypes": [],
          "returnType": "ANY",
          "baseTypeFullName": [
            "rake.Rake.TaskManager"
          ]
        },
        {
          "name": "rake.Rake.TaskManager.intern",
          "parameterTypes": [],
          "returnType": "ANY",
          "baseTypeFullName": [
            "rake.Rake.TaskManager"
          ]
        },
        {
          "name": "rake.Rake.TaskManager.lookup",
          "parameterTypes": [],
          "returnType": "ANY",
          "baseTypeFullName": [
            "rake.Rake.TaskManager"
          ]
        },
        {
          "name": "rake.Rake.TaskManager.resolve_args",
          "parameterTypes": [],
          "returnType": "ANY",
          "baseTypeFullName": [
            "rake.Rake.TaskManager"
          ]
        },
        {
          "name": "rake.Rake.TaskManager.tasks",
          "parameterTypes": [],
          "returnType": "ANY",
          "baseTypeFullName": [
            "rake.Rake.TaskManager"
          ]
        },
        {
          "name": "rake.Rake.TaskManager.tasks_in_scope",
          "parameterTypes": [],
          "returnType": "ANY",
          "baseTypeFullName": [
            "rake.Rake.TaskManager"
          ]
        }
      ],
      "fields": []
    },
    {
      "name": "rake.Rake.TestTask",
      "methods": [
        {
          "name": "rake.Rake.TestTask.new",
          "parameterTypes": [],
          "returnType": "ANY",
          "baseTypeFullName": [
            "rake.Rake.TestTask"
          ]
        },
        {
          "name": "rake.Rake.TestTask.define",
          "parameterTypes": [],
          "returnType": "ANY",
          "baseTypeFullName": [
            "rake.Rake.TestTask"
          ]
        },
        {
          "name": "rake.Rake.TestTask.test_files",
          "parameterTypes": [],
          "returnType": "ANY",
          "baseTypeFullName": [
            "rake.Rake.TestTask"
          ]
        }
      ],
      "fields": []
    },
    {
      "name": "rake.Rake.Win32",
      "methods": [],
      "fields": []
    }
  ],
  "rake.Rake.InvocationChain": [
    {
      "name": "rake.Rake.InvocationChain.EmptyInvocationChain",
      "methods": [
        {
          "name": "rake.Rake.InvocationChain.EmptyInvocationChain.append",
          "parameterTypes": [],
          "returnType": "ANY",
          "baseTypeFullName": [
            "rake.Rake.InvocationChain.EmptyInvocationChain"
          ]
        },
        {
          "name": "rake.Rake.InvocationChain.EmptyInvocationChain.member",
          "parameterTypes": [],
          "returnType": "ANY",
          "baseTypeFullName": [
            "rake.Rake.InvocationChain.EmptyInvocationChain"
          ]
        },
        {
          "name": "rake.Rake.InvocationChain.EmptyInvocationChain.to_s",
          "parameterTypes": [],
          "returnType": "ANY",
          "baseTypeFullName": [
            "rake.Rake.InvocationChain.EmptyInvocationChain"
          ]
        }
      ],
      "fields": []
    }
  ],
  "rake.RDoc": [
    {
      "name": "rake.RDoc.Page",
      "methods": [],
      "fields": []
    }
  ],
  "rake.Rake.LinkedList": [
    {
      "name": "rake.Rake.LinkedList.EmptyLinkedList",
      "methods": [
        {
          "name": "rake.Rake.LinkedList.EmptyLinkedList.cons",
          "parameterTypes": [],
          "returnType": "ANY",
          "baseTypeFullName": [
            "rake.Rake.LinkedList.EmptyLinkedList"
          ]
        },
        {
          "name": "rake.Rake.LinkedList.EmptyLinkedList.new",
          "parameterTypes": [],
          "returnType": "ANY",
          "baseTypeFullName": [
            "rake.Rake.LinkedList.EmptyLinkedList"
          ]
        },
        {
          "name": "rake.Rake.LinkedList.EmptyLinkedList.empty",
          "parameterTypes": [],
          "returnType": "ANY",
          "baseTypeFullName": [
            "rake.Rake.LinkedList.EmptyLinkedList"
          ]
        }
      ],
      "fields": []
    }
  ],
  "rake": [
    {
      "name": "rake.FileUtils",
      "methods": [
        {
          "name": "rake.FileUtils.ruby",
          "parameterTypes": [],
          "returnType": "ANY",
          "baseTypeFullName": [
            "rake.FileUtils"
          ]
        },
        {
          "name": "rake.FileUtils.safe_ln",
          "parameterTypes": [],
          "returnType": "ANY",
          "baseTypeFullName": [
            "rake.FileUtils"
          ]
        },
        {
          "name": "rake.FileUtils.sh",
          "parameterTypes": [],
          "returnType": "ANY",
          "baseTypeFullName": [
            "rake.FileUtils"
          ]
        },
        {
          "name": "rake.FileUtils.split_all",
          "parameterTypes": [],
          "returnType": "ANY",
          "baseTypeFullName": [
            "rake.FileUtils"
          ]
        }
      ],
      "fields": []
    },
    {
      "name": "rake.Module",
      "methods": [],
      "fields": []
    },
    {
      "name": "rake.Object",
      "methods": [],
      "fields": []
    },
    {
      "name": "rake.RDoc",
      "methods": [],
      "fields": []
    },
    {
      "name": "rake.String",
      "methods": [
        {
          "name": "rake.String.ext",
          "parameterTypes": [],
          "returnType": "ANY",
          "baseTypeFullName": [
            "rake.String"
          ]
        },
        {
          "name": "rake.String.pathmap",
          "parameterTypes": [],
          "returnType": "ANY",
          "baseTypeFullName": [
            "rake.String"
          ]
        },
        {
          "name": "rake.String.pathmap_explode",
          "parameterTypes": [],
          "returnType": "ANY",
          "baseTypeFullName": [
            "rake.String"
          ]
        },
        {
          "name": "rake.String.pathmap_partial",
          "parameterTypes": [],
          "returnType": "ANY",
          "baseTypeFullName": [
            "rake.String"
          ]
        },
        {
          "name": "rake.String.pathmap_replace",
          "parameterTypes": [],
          "returnType": "ANY",
          "baseTypeFullName": [
            "rake.String"
          ]
        }
      ],
      "fields": []
    }
  ]
}