{
  "resolv-replace": [
    {
      "name": "resolv-replace.IPSocket",
      "methods": [
        {
          "name": "resolv-replace.IPSocket.getaddress",
          "parameterTypes": [],
          "returnType": "ANY",
          "baseTypeFullName": [
            "resolv-replace.IPSocket"
          ]
        }
      ],
      "fields": []
    },
    {
      "name": "resolv-replace.SOCKSSocket",
      "methods": [
        {
          "name": "resolv-replace.SOCKSSocket.new",
          "parameterTypes": [],
          "returnType": "ANY",
          "baseTypeFullName": [
            "resolv-replace.SOCKSSocket"
          ]
        }
      ],
      "fields": []
    },
    {
      "name": "resolv-replace.TCPSocket",
      "methods": [
        {
          "name": "resolv-replace.TCPSocket.new",
          "parameterTypes": [],
          "returnType": "ANY",
          "baseTypeFullName": [
            "resolv-replace.TCPSocket"
          ]
        }
      ],
      "fields": []
    },
    {
      "name": "resolv-replace.UDPSocket",
      "methods": [
        {
          "name": "resolv-replace.UDPSocket.bind",
          "parameterTypes": [],
          "returnType": "ANY",
          "baseTypeFullName": [
            "resolv-replace.UDPSocket"
          ]
        },
        {
          "name": "resolv-replace.UDPSocket.connect",
          "parameterTypes": [],
          "returnType": "ANY",
          "baseTypeFullName": [
            "resolv-replace.UDPSocket"
          ]
        },
        {
          "name": "resolv-replace.UDPSocket.send",
          "parameterTypes": [],
          "returnType": "ANY",
          "baseTypeFullName": [
            "resolv-replace.UDPSocket"
          ]
        }
      ],
      "fields": []
    }
  ]
}