{
  "shellwords": [
    {
      "name": "shellwords.Array",
      "methods": [
        {
          "name": "shellwords.Array.shelljoin",
          "parameterTypes": [],
          "returnType": "ANY",
          "baseTypeFullName": [
            "shellwords.Array"
          ]
        }
      ],
      "fields": []
    },
    {
      "name": "shellwords.Shellwords",
      "methods": [
        {
          "name": "shellwords.Shellwords.escape",
          "parameterTypes": [],
          "returnType": "ANY",
          "baseTypeFullName": [
            "shellwords.Shellwords"
          ]
        },
        {
          "name": "shellwords.Shellwords.join",
          "parameterTypes": [],
          "returnType": "ANY",
          "baseTypeFullName": [
            "shellwords.Shellwords"
          ]
        },
        {
          "name": "shellwords.Shellwords.shellescape",
          "parameterTypes": [],
          "returnType": "ANY",
          "baseTypeFullName": [
            "shellwords.Shellwords"
          ]
        },
        {
          "name": "shellwords.Shellwords.shelljoin",
          "parameterTypes": [],
          "returnType": "ANY",
          "baseTypeFullName": [
            "shellwords.Shellwords"
          ]
        },
        {
          "name": "shellwords.Shellwords.shellsplit",
          "parameterTypes": [],
          "returnType": "ANY",
          "baseTypeFullName": [
            "shellwords.Shellwords"
          ]
        },
        {
          "name": "shellwords.Shellwords.shellwords",
          "parameterTypes": [],
          "returnType": "ANY",
          "baseTypeFullName": [
            "shellwords.Shellwords"
          ]
        },
        {
          "name": "shellwords.Shellwords.split",
          "parameterTypes": [],
          "returnType": "ANY",
          "baseTypeFullName": [
            "shellwords.Shellwords"
          ]
        }
      ],
      "fields": []
    },
    {
      "name": "shellwords.String",
      "methods": [
        {
          "name": "shellwords.String.shellescape",
          "parameterTypes": [],
          "returnType": "ANY",
          "baseTypeFullName": [
            "shellwords.String"
          ]
        },
        {
          "name": "shellwords.String.shellsplit",
          "parameterTypes": [],
          "returnType": "ANY",
          "baseTypeFullName": [
            "shellwords.String"
          ]
        }
      ],
      "fields": []
    }
  ]
}