{
  "syslog.Syslog.Logger": [
    {
      "name": "syslog.Syslog.Logger.Formatter",
      "methods": [
        {
          "name": "syslog.Syslog.Logger.Formatter.call",
          "parameterTypes": [],
          "returnType": "ANY",
          "baseTypeFullName": [
            "syslog.Syslog.Logger.Formatter"
          ]
        }
      ],
      "fields": []
    }
  ],
  "syslog": [
    {
      "name": "syslog.Syslog",
      "methods": [
        {
          "name": "syslog.Syslog.close",
          "parameterTypes": [],
          "returnType": "ANY",
          "baseTypeFullName": [
            "syslog.Syslog"
          ]
        },
        {
          "name": "syslog.Syslog.facility",
          "parameterTypes": [],
          "returnType": "ANY",
          "baseTypeFullName": [
            "syslog.Syslog"
          ]
        },
        {
          "name": "syslog.Syslog.ident",
          "parameterTypes": [],
          "returnType": "ANY",
          "baseTypeFullName": [
            "syslog.Syslog"
          ]
        },
        {
          "name": "syslog.Syslog.inspect",
          "parameterTypes": [],
          "returnType": "ANY",
          "baseTypeFullName": [
            "syslog.Syslog"
          ]
        },
        {
          "name": "syslog.Syslog.instance",
          "parameterTypes": [],
          "returnType": "ANY",
          "baseTypeFullName": [
            "syslog.Syslog"
          ]
        },
        {
          "name": "syslog.Syslog.log",
          "parameterTypes": [],
          "returnType": "ANY",
          "baseTypeFullName": [
            "syslog.Syslog"
          ]
        },
        {
          "name": "syslog.Syslog.mask",
          "parameterTypes": [],
          "returnType": "ANY",
          "baseTypeFullName": [
            "syslog.Syslog"
          ]
        },
        {
          "name": "syslog.Syslog.open",
          "parameterTypes": [],
          "returnType": "ANY",
          "baseTypeFullName": [
            "syslog.Syslog"
          ]
        },
        {
          "name": "syslog.Syslog.reopen",
          "parameterTypes": [],
          "returnType": "ANY",
          "baseTypeFullName": [
            "syslog.Syslog"
          ]
        },
        {
          "name": "syslog.Syslog.opened",
          "parameterTypes": [],
          "returnType": "ANY",
          "baseTypeFullName": [
            "syslog.Syslog"
          ]
        },
        {
          "name": "syslog.Syslog.options",
          "parameterTypes": [],
          "returnType": "ANY",
          "baseTypeFullName": [
            "syslog.Syslog"
          ]
        }
      ],
      "fields": []
    }
  ],
  "syslog.Syslog": [
    {
      "name": "syslog.Syslog.Constants",
      "methods": [
        {
          "name": "syslog.Syslog.Constants.included",
          "parameterTypes": [],
          "returnType": "ANY",
          "baseTypeFullName": [
            "syslog.Syslog.Constants"
          ]
        }
      ],
      "fields": []
    },
    {
      "name": "syslog.Syslog.Facility",
      "methods": [],
      "fields": []
    },
    {
      "name": "syslog.Syslog.Level",
      "methods": [],
      "fields": []
    },
    {
      "name": "syslog.Syslog.Logger",
      "methods": [
        {
          "name": "syslog.Syslog.Logger.make_methods",
          "parameterTypes": [],
          "returnType": "ANY",
          "baseTypeFullName": [
            "syslog.Syslog.Logger"
          ]
        },
        {
          "name": "syslog.Syslog.Logger.new",
          "parameterTypes": [],
          "returnType": "ANY",
          "baseTypeFullName": [
            "syslog.Syslog.Logger"
          ]
        },
        {
          "name": "syslog.Syslog.Logger.syslog",
          "parameterTypes": [],
          "returnType": "ANY",
          "baseTypeFullName": [
            "syslog.Syslog.Logger"
          ]
        },
        {
          "name": "syslog.Syslog.Logger.add",
          "parameterTypes": [],
          "returnType": "ANY",
          "baseTypeFullName": [
            "syslog.Syslog.Logger"
          ]
        },
        {
          "name": "syslog.Syslog.Logger.debug",
          "parameterTypes": [],
          "returnType": "ANY",
          "baseTypeFullName": [
            "syslog.Syslog.Logger"
          ]
        },
        {
          "name": "syslog.Syslog.Logger.error",
          "parameterTypes": [],
          "returnType": "ANY",
          "baseTypeFullName": [
            "syslog.Syslog.Logger"
          ]
        },
        {
          "name": "syslog.Syslog.Logger.fatal",
          "parameterTypes": [],
          "returnType": "ANY",
          "baseTypeFullName": [
            "syslog.Syslog.Logger"
          ]
        },
        {
          "name": "syslog.Syslog.Logger.info",
          "parameterTypes": [],
          "returnType": "ANY",
          "baseTypeFullName": [
            "syslog.Syslog.Logger"
          ]
        },
        {
          "name": "syslog.Syslog.Logger.unknown",
          "parameterTypes": [],
          "returnType": "ANY",
          "baseTypeFullName": [
            "syslog.Syslog.Logger"
          ]
        },
        {
          "name": "syslog.Syslog.Logger.warn",
          "parameterTypes": [],
          "returnType": "ANY",
          "baseTypeFullName": [
            "syslog.Syslog.Logger"
          ]
        }
      ],
      "fields": []
    },
    {
      "name": "syslog.Syslog.Macros",
      "methods": [
        {
          "name": "syslog.Syslog.Macros.included",
          "parameterTypes": [],
          "returnType": "ANY",
          "baseTypeFullName": [
            "syslog.Syslog.Macros"
          ]
        },
        {
          "name": "syslog.Syslog.Macros.LOG_MASK",
          "parameterTypes": [],
          "returnType": "ANY",
          "baseTypeFullName": [
            "syslog.Syslog.Macros"
          ]
        },
        {
          "name": "syslog.Syslog.Macros.LOG_UPTO",
          "parameterTypes": [],
          "returnType": "ANY",
          "baseTypeFullName": [
            "syslog.Syslog.Macros"
          ]
        }
      ],
      "fields": []
    },
    {
      "name": "syslog.Syslog.Option",
      "methods": [],
      "fields": []
    }
  ]
}