{
  "uri.URI": [
    {
      "name": "uri.URI.BadURIError",
      "methods": [],
      "fields": []
    },
    {
      "name": "uri.URI.Error",
      "methods": [],
      "fields": []
    },
    {
      "name": "uri.URI.FTP",
      "methods": [
        {
          "name": "uri.URI.FTP.build",
          "parameterTypes": [],
          "returnType": "ANY",
          "baseTypeFullName": [
            "uri.URI.FTP"
          ]
        },
        {
          "name": "uri.URI.FTP.new",
          "parameterTypes": [],
          "returnType": "ANY",
          "baseTypeFullName": [
            "uri.URI.FTP"
          ]
        },
        {
          "name": "uri.URI.FTP.path",
          "parameterTypes": [],
          "returnType": "ANY",
          "baseTypeFullName": [
            "uri.URI.FTP"
          ]
        },
        {
          "name": "uri.URI.FTP.to_s",
          "parameterTypes": [],
          "returnType": "ANY",
          "baseTypeFullName": [
            "uri.URI.FTP"
          ]
        },
        {
          "name": "uri.URI.FTP.typecode",
          "parameterTypes": [],
          "returnType": "ANY",
          "baseTypeFullName": [
            "uri.URI.FTP"
          ]
        }
      ],
      "fields": []
    },
    {
      "name": "uri.URI.File",
      "methods": [
        {
          "name": "uri.URI.File.build",
          "parameterTypes": [],
          "returnType": "ANY",
          "baseTypeFullName": [
            "uri.URI.File"
          ]
        },
        {
          "name": "uri.URI.File.check_password",
          "parameterTypes": [],
          "returnType": "ANY",
          "baseTypeFullName": [
            "uri.URI.File"
          ]
        },
        {
          "name": "uri.URI.File.check_user",
          "parameterTypes": [],
          "returnType": "ANY",
          "baseTypeFullName": [
            "uri.URI.File"
          ]
        },
        {
          "name": "uri.URI.File.check_userinfo",
          "parameterTypes": [],
          "returnType": "ANY",
          "baseTypeFullName": [
            "uri.URI.File"
          ]
        },
        {
          "name": "uri.URI.File.set_host",
          "parameterTypes": [],
          "returnType": "ANY",
          "baseTypeFullName": [
            "uri.URI.File"
          ]
        },
        {
          "name": "uri.URI.File.set_password",
          "parameterTypes": [],
          "returnType": "ANY",
          "baseTypeFullName": [
            "uri.URI.File"
          ]
        },
        {
          "name": "uri.URI.File.set_port",
          "parameterTypes": [],
          "returnType": "ANY",
          "baseTypeFullName": [
            "uri.URI.File"
          ]
        },
        {
          "name": "uri.URI.File.set_user",
          "parameterTypes": [],
          "returnType": "ANY",
          "baseTypeFullName": [
            "uri.URI.File"
          ]
        },
        {
          "name": "uri.URI.File.set_userinfo",
          "parameterTypes": [],
          "returnType": "ANY",
          "baseTypeFullName": [
            "uri.URI.File"
          ]
        }
      ],
      "fields": []
    },
    {
      "name": "uri.URI.Generic",
      "methods": [
        {
          "name": "uri.URI.Generic.build",
          "parameterTypes": [],
          "returnType": "ANY",
          "baseTypeFullName": [
            "uri.URI.Generic"
          ]
        },
        {
          "name": "uri.URI.Generic.build2",
          "parameterTypes": [],
          "returnType": "ANY",
          "baseTypeFullName": [
            "uri.URI.Generic"
          ]
        },
        {
          "name": "uri.URI.Generic.component",
          "parameterTypes": [],
          "returnType": "ANY",
          "baseTypeFullName": [
            "uri.URI.Generic"
          ]
        },
        {
          "name": "uri.URI.Generic.default_port",
          "parameterTypes": [],
          "returnType": "ANY",
          "baseTypeFullName": [
            "uri.URI.Generic"
          ]
        },
        {
          "name": "uri.URI.Generic.new",
          "parameterTypes": [],
          "returnType": "ANY",
          "baseTypeFullName": [
            "uri.URI.Generic"
          ]
        },
        {
          "name": "uri.URI.Generic.+",
          "parameterTypes": [],
          "returnType": "ANY",
          "baseTypeFullName": [
            "uri.URI.Generic"
          ]
        },
        {
          "name": "uri.URI.Generic.-",
          "parameterTypes": [],
          "returnType": "ANY",
          "baseTypeFullName": [
            "uri.URI.Generic"
          ]
        },
        {
          "name": "uri.URI.Generic.absolute",
          "parameterTypes": [],
          "returnType": "ANY",
          "baseTypeFullName": [
            "uri.URI.Generic"
          ]
        },
        {
          "name": "uri.URI.Generic.coerce",
          "parameterTypes": [],
          "returnType": "ANY",
          "baseTypeFullName": [
            "uri.URI.Generic"
          ]
        },
        {
          "name": "uri.URI.Generic.decoded_password",
          "parameterTypes": [],
          "returnType": "ANY",
          "baseTypeFullName": [
            "uri.URI.Generic"
          ]
        },
        {
          "name": "uri.URI.Generic.decoded_user",
          "parameterTypes": [],
          "returnType": "ANY",
          "baseTypeFullName": [
            "uri.URI.Generic"
          ]
        },
        {
          "name": "uri.URI.Generic.eql",
          "parameterTypes": [],
          "returnType": "ANY",
          "baseTypeFullName": [
            "uri.URI.Generic"
          ]
        },
        {
          "name": "uri.URI.Generic.find_proxy",
          "parameterTypes": [],
          "returnType": "ANY",
          "baseTypeFullName": [
            "uri.URI.Generic"
          ]
        },
        {
          "name": "uri.URI.Generic.fragment",
          "parameterTypes": [],
          "returnType": "ANY",
          "baseTypeFullName": [
            "uri.URI.Generic"
          ]
        },
        {
          "name": "uri.URI.Generic.hash",
          "parameterTypes": [],
          "returnType": "ANY",
          "baseTypeFullName": [
            "uri.URI.Generic"
          ]
        },
        {
          "name": "uri.URI.Generic.hierarchical",
          "parameterTypes": [],
          "returnType": "ANY",
          "baseTypeFullName": [
            "uri.URI.Generic"
          ]
        },
        {
          "name": "uri.URI.Generic.host",
          "parameterTypes": [],
          "returnType": "ANY",
          "baseTypeFullName": [
            "uri.URI.Generic"
          ]
        },
        {
          "name": "uri.URI.Generic.hostname",
          "parameterTypes": [],
          "returnType": "ANY",
          "baseTypeFullName": [
            "uri.URI.Generic"
          ]
        },
        {
          "name": "uri.URI.Generic.inspect",
          "parameterTypes": [],
          "returnType": "ANY",
          "baseTypeFullName": [
            "uri.URI.Generic"
          ]
        },
        {
          "name": "uri.URI.Generic.merge",
          "parameterTypes": [],
          "returnType": "ANY",
          "baseTypeFullName": [
            "uri.URI.Generic"
          ]
        },
        {
          "name": "uri.URI.Generic.normalize",
          "parameterTypes": [],
          "returnType": "ANY",
          "baseTypeFullName": [
            "uri.URI.Generic"
          ]
        },
        {
          "name": "uri.URI.Generic.opaque",
          "parameterTypes": [],
          "returnType": "ANY",
          "baseTypeFullName": [
            "uri.URI.Generic"
          ]
        },
        {
          "name": "uri.URI.Generic.parser",
          "parameterTypes": [],
          "returnType": "ANY",
          "baseTypeFullName": [
            "uri.URI.Generic"
          ]
        },
        {
          "name": "uri.URI.Generic.password",
          "parameterTypes": [],
          "returnType": "ANY",
          "baseTypeFullName": [
            "uri.URI.Generic"
          ]
        },
        {
          "name": "uri.URI.Generic.path",
          "parameterTypes": [],
          "returnType": "ANY",
          "baseTypeFullName": [
            "uri.URI.Generic"
          ]
        },
        {
          "name": "uri.URI.Generic.port",
          "parameterTypes": [],
          "returnType": "ANY",
          "baseTypeFullName": [
            "uri.URI.Generic"
          ]
        },
        {
          "name": "uri.URI.Generic.query",
          "parameterTypes": [],
          "returnType": "ANY",
          "baseTypeFullName": [
            "uri.URI.Generic"
          ]
        },
        {
          "name": "uri.URI.Generic.registry",
          "parameterTypes": [],
          "returnType": "ANY",
          "baseTypeFullName": [
            "uri.URI.Generic"
          ]
        },
        {
          "name": "uri.URI.Generic.relative",
          "parameterTypes": [],
          "returnType": "ANY",
          "baseTypeFullName": [
            "uri.URI.Generic"
          ]
        },
        {
          "name": "uri.URI.Generic.route_from",
          "parameterTypes": [],
          "returnType": "ANY",
          "baseTypeFullName": [
            "uri.URI.Generic"
          ]
        },
        {
          "name": "uri.URI.Generic.route_to",
          "parameterTypes": [],
          "returnType": "ANY",
          "baseTypeFullName": [
            "uri.URI.Generic"
          ]
        },
        {
          "name": "uri.URI.Generic.scheme",
          "parameterTypes": [],
          "returnType": "ANY",
          "baseTypeFullName": [
            "uri.URI.Generic"
          ]
        },
        {
          "name": "uri.URI.Generic.select",
          "parameterTypes": [],
          "returnType": "ANY",
          "baseTypeFullName": [
            "uri.URI.Generic"
          ]
        },
        {
          "name": "uri.URI.Generic.to_s",
          "parameterTypes": [],
          "returnType": "ANY",
          "baseTypeFullName": [
            "uri.URI.Generic"
          ]
        },
        {
          "name": "uri.URI.Generic.to_str",
          "parameterTypes": [],
          "returnType": "ANY",
          "baseTypeFullName": [
            "uri.URI.Generic"
          ]
        },
        {
          "name": "uri.URI.Generic.user",
          "parameterTypes": [],
          "returnType": "ANY",
          "baseTypeFullName": [
            "uri.URI.Generic"
          ]
        },
        {
          "name": "uri.URI.Generic.userinfo",
          "parameterTypes": [],
          "returnType": "ANY",
          "baseTypeFullName": [
            "uri.URI.Generic"
          ]
        }
      ],
      "fields": []
    },
    {
      "name": "uri.URI.HTTP",
      "methods": [
        {
          "name": "uri.URI.HTTP.build",
          "parameterTypes": [],
          "returnType": "ANY",
          "baseTypeFullName": [
            "uri.URI.HTTP"
          ]
        },
        {
          "name": "uri.URI.HTTP.authority",
          "parameterTypes": [],
          "returnType": "ANY",
          "baseTypeFullName": [
            "uri.URI.HTTP"
          ]
        },
        {
          "name": "uri.URI.HTTP.origin",
          "parameterTypes": [],
          "returnType": "ANY",
          "baseTypeFullName": [
            "uri.URI.HTTP"
          ]
        },
        {
          "name": "uri.URI.HTTP.request_uri",
          "parameterTypes": [],
          "returnType": "ANY",
          "baseTypeFullName": [
            "uri.URI.HTTP"
          ]
        }
      ],
      "fields": []
    },
    {
      "name": "uri.URI.HTTPS",
      "methods": [],
      "fields": []
    },
    {
      "name": "uri.URI.InvalidComponentError",
      "methods": [],
      "fields": []
    },
    {
      "name": "uri.URI.InvalidURIError",
      "methods": [],
      "fields": []
    },
    {
      "name": "uri.URI.LDAP",
      "methods": [
        {
          "name": "uri.URI.LDAP.build",
          "parameterTypes": [],
          "returnType": "ANY",
          "baseTypeFullName": [
            "uri.URI.LDAP"
          ]
        },
        {
          "name": "uri.URI.LDAP.new",
          "parameterTypes": [],
          "returnType": "ANY",
          "baseTypeFullName": [
            "uri.URI.LDAP"
          ]
        },
        {
          "name": "uri.URI.LDAP.attributes",
          "parameterTypes": [],
          "returnType": "ANY",
          "baseTypeFullName": [
            "uri.URI.LDAP"
          ]
        },
        {
          "name": "uri.URI.LDAP.dn",
          "parameterTypes": [],
          "returnType": "ANY",
          "baseTypeFullName": [
            "uri.URI.LDAP"
          ]
        },
        {
          "name": "uri.URI.LDAP.extensions",
          "parameterTypes": [],
          "returnType": "ANY",
          "baseTypeFullName": [
            "uri.URI.LDAP"
          ]
        },
        {
          "name": "uri.URI.LDAP.filter",
          "parameterTypes": [],
          "returnType": "ANY",
          "baseTypeFullName": [
            "uri.URI.LDAP"
          ]
        },
        {
          "name": "uri.URI.LDAP.hierarchical",
          "parameterTypes": [],
          "returnType": "ANY",
          "baseTypeFullName": [
            "uri.URI.LDAP"
          ]
        },
        {
          "name": "uri.URI.LDAP.scope",
          "parameterTypes": [],
          "returnType": "ANY",
          "baseTypeFullName": [
            "uri.URI.LDAP"
          ]
        }
      ],
      "fields": []
    },
    {
      "name": "uri.URI.LDAPS",
      "methods": [],
      "fields": []
    },
    {
      "name": "uri.URI.MailTo",
      "methods": [
        {
          "name": "uri.URI.MailTo.build",
          "parameterTypes": [],
          "returnType": "ANY",
          "baseTypeFullName": [
            "uri.URI.MailTo"
          ]
        },
        {
          "name": "uri.URI.MailTo.new",
          "parameterTypes": [],
          "returnType": "ANY",
          "baseTypeFullName": [
            "uri.URI.MailTo"
          ]
        },
        {
          "name": "uri.URI.MailTo.headers",
          "parameterTypes": [],
          "returnType": "ANY",
          "baseTypeFullName": [
            "uri.URI.MailTo"
          ]
        },
        {
          "name": "uri.URI.MailTo.to",
          "parameterTypes": [],
          "returnType": "ANY",
          "baseTypeFullName": [
            "uri.URI.MailTo"
          ]
        },
        {
          "name": "uri.URI.MailTo.to_mailtext",
          "parameterTypes": [],
          "returnType": "ANY",
          "baseTypeFullName": [
            "uri.URI.MailTo"
          ]
        },
        {
          "name": "uri.URI.MailTo.to_rfc822text",
          "parameterTypes": [],
          "returnType": "ANY",
          "baseTypeFullName": [
            "uri.URI.MailTo"
          ]
        },
        {
          "name": "uri.URI.MailTo.to_s",
          "parameterTypes": [],
          "returnType": "ANY",
          "baseTypeFullName": [
            "uri.URI.MailTo"
          ]
        }
      ],
      "fields": []
    },
    {
      "name": "uri.URI.RFC2396_Parser",
      "methods": [
        {
          "name": "uri.URI.RFC2396_Parser.new",
          "parameterTypes": [],
          "returnType": "ANY",
          "baseTypeFullName": [
            "uri.URI.RFC2396_Parser"
          ]
        },
        {
          "name": "uri.URI.RFC2396_Parser.escape",
          "parameterTypes": [],
          "returnType": "ANY",
          "baseTypeFullName": [
            "uri.URI.RFC2396_Parser"
          ]
        },
        {
          "name": "uri.URI.RFC2396_Parser.extract",
          "parameterTypes": [],
          "returnType": "ANY",
          "baseTypeFullName": [
            "uri.URI.RFC2396_Parser"
          ]
        },
        {
          "name": "uri.URI.RFC2396_Parser.inspect",
          "parameterTypes": [],
          "returnType": "ANY",
          "baseTypeFullName": [
            "uri.URI.RFC2396_Parser"
          ]
        },
        {
          "name": "uri.URI.RFC2396_Parser.join",
          "parameterTypes": [],
          "returnType": "ANY",
          "baseTypeFullName": [
            "uri.URI.RFC2396_Parser"
          ]
        },
        {
          "name": "uri.URI.RFC2396_Parser.make_regexp",
          "parameterTypes": [],
          "returnType": "ANY",
          "baseTypeFullName": [
            "uri.URI.RFC2396_Parser"
          ]
        },
        {
          "name": "uri.URI.RFC2396_Parser.parse",
          "parameterTypes": [],
          "returnType": "ANY",
          "baseTypeFullName": [
            "uri.URI.RFC2396_Parser"
          ]
        },
        {
          "name": "uri.URI.RFC2396_Parser.split",
          "parameterTypes": [],
          "returnType": "ANY",
          "baseTypeFullName": [
            "uri.URI.RFC2396_Parser"
          ]
        },
        {
          "name": "uri.URI.RFC2396_Parser.unescape",
          "parameterTypes": [],
          "returnType": "ANY",
          "baseTypeFullName": [
            "uri.URI.RFC2396_Parser"
          ]
        }
      ],
      "fields": []
    },
    {
      "name": "uri.URI.RFC2396_REGEXP",
      "methods": [],
      "fields": []
    },
    {
      "name": "uri.URI.RFC2396_Parser",
      "methods": [
        {
          "name": "uri.URI.RFC2396_Parser.new",
          "parameterTypes": [],
          "returnType": "ANY",
          "baseTypeFullName": [
            "uri.URI.RFC2396_Parser"
          ]
        },
        {
          "name": "uri.URI.RFC2396_Parser.escape",
          "parameterTypes": [],
          "returnType": "ANY",
          "baseTypeFullName": [
            "uri.URI.RFC2396_Parser"
          ]
        },
        {
          "name": "uri.URI.RFC2396_Parser.extract",
          "parameterTypes": [],
          "returnType": "ANY",
          "baseTypeFullName": [
            "uri.URI.RFC2396_Parser"
          ]
        },
        {
          "name": "uri.URI.RFC2396_Parser.inspect",
          "parameterTypes": [],
          "returnType": "ANY",
          "baseTypeFullName": [
            "uri.URI.RFC2396_Parser"
          ]
        },
        {
          "name": "uri.URI.RFC2396_Parser.join",
          "parameterTypes": [],
          "returnType": "ANY",
          "baseTypeFullName": [
            "uri.URI.RFC2396_Parser"
          ]
        },
        {
          "name": "uri.URI.RFC2396_Parser.make_regexp",
          "parameterTypes": [],
          "returnType": "ANY",
          "baseTypeFullName": [
            "uri.URI.RFC2396_Parser"
          ]
        },
        {
          "name": "uri.URI.RFC2396_Parser.parse",
          "parameterTypes": [],
          "returnType": "ANY",
          "baseTypeFullName": [
            "uri.URI.RFC2396_Parser"
          ]
        },
        {
          "name": "uri.URI.RFC2396_Parser.split",
          "parameterTypes": [],
          "returnType": "ANY",
          "baseTypeFullName": [
            "uri.URI.RFC2396_Parser"
          ]
        },
        {
          "name": "uri.URI.RFC2396_Parser.unescape",
          "parameterTypes": [],
          "returnType": "ANY",
          "baseTypeFullName": [
            "uri.URI.RFC2396_Parser"
          ]
        }
      ],
      "fields": []
    },
    {
      "name": "uri.URI.RFC2396_REGEXP",
      "methods": [],
      "fields": []
    },
    {
      "name": "uri.URI.Schemes",
      "methods": [],
      "fields": []
    },
    {
      "name": "uri.URI.WS",
      "methods": [
        {
          "name": "uri.URI.WS.build",
          "parameterTypes": [],
          "returnType": "ANY",
          "baseTypeFullName": [
            "uri.URI.WS"
          ]
        },
        {
          "name": "uri.URI.WS.request_uri",
          "parameterTypes": [],
          "returnType": "ANY",
          "baseTypeFullName": [
            "uri.URI.WS"
          ]
        }
      ],
      "fields": []
    },
    {
      "name": "uri.URI.WSS",
      "methods": [],
      "fields": []
    }
  ],
  "uri.URI.RFC2396_REGEXP": [
    {
      "name": "uri.URI.RFC2396_REGEXP.PATTERN",
      "methods": [],
      "fields": []
    }
  ],
  "uri": [
    {
      "name": "uri.Kernel",
      "methods": [
        {
          "name": "uri.Kernel.URI",
          "parameterTypes": [],
          "returnType": "ANY",
          "baseTypeFullName": [
            "uri.Kernel"
          ]
        }
      ],
      "fields": []
    },
    {
      "name": "uri.URI",
      "methods": [
        {
          "name": "uri.URI.decode_uri_component",
          "parameterTypes": [],
          "returnType": "ANY",
          "baseTypeFullName": [
            "uri.URI"
          ]
        },
        {
          "name": "uri.URI.decode_www_form",
          "parameterTypes": [],
          "returnType": "ANY",
          "baseTypeFullName": [
            "uri.URI"
          ]
        },
        {
          "name": "uri.URI.decode_www_form_component",
          "parameterTypes": [],
          "returnType": "ANY",
          "baseTypeFullName": [
            "uri.URI"
          ]
        },
        {
          "name": "uri.URI.encode_uri_component",
          "parameterTypes": [],
          "returnType": "ANY",
          "baseTypeFullName": [
            "uri.URI"
          ]
        },
        {
          "name": "uri.URI.encode_www_form",
          "parameterTypes": [],
          "returnType": "ANY",
          "baseTypeFullName": [
            "uri.URI"
          ]
        },
        {
          "name": "uri.URI.encode_www_form_component",
          "parameterTypes": [],
          "returnType": "ANY",
          "baseTypeFullName": [
            "uri.URI"
          ]
        },
        {
          "name": "uri.URI.for",
          "parameterTypes": [],
          "returnType": "ANY",
          "baseTypeFullName": [
            "uri.URI"
          ]
        },
        {
          "name": "uri.URI.join",
          "parameterTypes": [],
          "returnType": "ANY",
          "baseTypeFullName": [
            "uri.URI"
          ]
        },
        {
          "name": "uri.URI.parse",
          "parameterTypes": [],
          "returnType": "ANY",
          "baseTypeFullName": [
            "uri.URI"
          ]
        },
        {
          "name": "uri.URI.register_scheme",
          "parameterTypes": [],
          "returnType": "ANY",
          "baseTypeFullName": [
            "uri.URI"
          ]
        },
        {
          "name": "uri.URI.scheme_list",
          "parameterTypes": [],
          "returnType": "ANY",
          "baseTypeFullName": [
            "uri.URI"
          ]
        },
        {
          "name": "uri.URI.split",
          "parameterTypes": [],
          "returnType": "ANY",
          "baseTypeFullName": [
            "uri.URI"
          ]
        }
      ],
      "fields": []
    }
  ]
}