{
  "weakref": [
    {
      "name": "weakref.WeakRef",
      "methods": [
        {
          "name": "weakref.WeakRef.new",
          "parameterTypes": [],
          "returnType": "ANY",
          "baseTypeFullName": [
            "weakref.WeakRef"
          ]
        },
        {
          "name": "weakref.WeakRef.weakref_alive",
          "parameterTypes": [],
          "returnType": "ANY",
          "baseTypeFullName": [
            "weakref.WeakRef"
          ]
        }
      ],
      "fields": []
    }
  ],
  "weakref.WeakRef": [
    {
      "name": "weakref.WeakRef.RefError",
      "methods": [],
      "fields": []
    }
  ]
}