{
  "win32.Resolv": [
    {
      "name": "win32.Resolv.SZ",
      "methods": [
        {
          "name": "win32.Resolv.SZ.read_s",
          "parameterTypes": [],
          "returnType": "ANY",
          "baseTypeFullName": [
            "win32.Resolv.SZ"
          ]
        }
      ],
      "fields": []
    }
  ],
  "win32": [
    {
      "name": "win32.Resolv",
      "methods": [
        {
          "name": "win32.Resolv.get_hosts_path",
          "parameterTypes": [],
          "returnType": "ANY",
          "baseTypeFullName": [
            "win32.Resolv"
          ]
        },
        {
          "name": "win32.Resolv.get_resolv_info",
          "parameterTypes": [],
          "returnType": "ANY",
          "baseTypeFullName": [
            "win32.Resolv"
          ]
        }
      ],
      "fields": []
    },
    {
      "name": "win32.Win32",
      "methods": [],
      "fields": []
    }
  ],
  "win32.Win32.Registry.Error": [
    {
      "name": "win32.Win32.Registry.Error.Kernel32",
      "methods": [],
      "fields": []
    }
  ],
  "win32.Win32.Registry": [
    {
      "name": "win32.Win32.Registry.API",
      "methods": [
        {
          "name": "win32.Win32.Registry.API.CloseKey",
          "parameterTypes": [],
          "returnType": "ANY",
          "baseTypeFullName": [
            "win32.Win32.Registry.API"
          ]
        },
        {
          "name": "win32.Win32.Registry.API.CreateKey",
          "parameterTypes": [],
          "returnType": "ANY",
          "baseTypeFullName": [
            "win32.Win32.Registry.API"
          ]
        },
        {
          "name": "win32.Win32.Registry.API.DeleteKey",
          "parameterTypes": [],
          "returnType": "ANY",
          "baseTypeFullName": [
            "win32.Win32.Registry.API"
          ]
        },
        {
          "name": "win32.Win32.Registry.API.DeleteValue",
          "parameterTypes": [],
          "returnType": "ANY",
          "baseTypeFullName": [
            "win32.Win32.Registry.API"
          ]
        },
        {
          "name": "win32.Win32.Registry.API.EnumKey",
          "parameterTypes": [],
          "returnType": "ANY",
          "baseTypeFullName": [
            "win32.Win32.Registry.API"
          ]
        },
        {
          "name": "win32.Win32.Registry.API.EnumValue",
          "parameterTypes": [],
          "returnType": "ANY",
          "baseTypeFullName": [
            "win32.Win32.Registry.API"
          ]
        },
        {
          "name": "win32.Win32.Registry.API.FlushKey",
          "parameterTypes": [],
          "returnType": "ANY",
          "baseTypeFullName": [
            "win32.Win32.Registry.API"
          ]
        },
        {
          "name": "win32.Win32.Registry.API.OpenKey",
          "parameterTypes": [],
          "returnType": "ANY",
          "baseTypeFullName": [
            "win32.Win32.Registry.API"
          ]
        },
        {
          "name": "win32.Win32.Registry.API.QueryInfoKey",
          "parameterTypes": [],
          "returnType": "ANY",
          "baseTypeFullName": [
            "win32.Win32.Registry.API"
          ]
        },
        {
          "name": "win32.Win32.Registry.API.QueryValue",
          "parameterTypes": [],
          "returnType": "ANY",
          "baseTypeFullName": [
            "win32.Win32.Registry.API"
          ]
        },
        {
          "name": "win32.Win32.Registry.API.SetValue",
          "parameterTypes": [],
          "returnType": "ANY",
          "baseTypeFullName": [
            "win32.Win32.Registry.API"
          ]
        },
        {
          "name": "win32.Win32.Registry.API.check",
          "parameterTypes": [],
          "returnType": "ANY",
          "baseTypeFullName": [
            "win32.Win32.Registry.API"
          ]
        },
        {
          "name": "win32.Win32.Registry.API.make_wstr",
          "parameterTypes": [],
          "returnType": "ANY",
          "baseTypeFullName": [
            "win32.Win32.Registry.API"
          ]
        },
        {
          "name": "win32.Win32.Registry.API.packdw",
          "parameterTypes": [],
          "returnType": "ANY",
          "baseTypeFullName": [
            "win32.Win32.Registry.API"
          ]
        },
        {
          "name": "win32.Win32.Registry.API.packhandle",
          "parameterTypes": [],
          "returnType": "ANY",
          "baseTypeFullName": [
            "win32.Win32.Registry.API"
          ]
        },
        {
          "name": "win32.Win32.Registry.API.packqw",
          "parameterTypes": [],
          "returnType": "ANY",
          "baseTypeFullName": [
            "win32.Win32.Registry.API"
          ]
        },
        {
          "name": "win32.Win32.Registry.API.unpackdw",
          "parameterTypes": [],
          "returnType": "ANY",
          "baseTypeFullName": [
            "win32.Win32.Registry.API"
          ]
        },
        {
          "name": "win32.Win32.Registry.API.unpackhandle",
          "parameterTypes": [],
          "returnType": "ANY",
          "baseTypeFullName": [
            "win32.Win32.Registry.API"
          ]
        },
        {
          "name": "win32.Win32.Registry.API.unpackqw",
          "parameterTypes": [],
          "returnType": "ANY",
          "baseTypeFullName": [
            "win32.Win32.Registry.API"
          ]
        },
        {
          "name": "win32.Win32.Registry.API.win64",
          "parameterTypes": [],
          "returnType": "ANY",
          "baseTypeFullName": [
            "win32.Win32.Registry.API"
          ]
        }
      ],
      "fields": []
    },
    {
      "name": "win32.Win32.Registry.Constants",
      "methods": [],
      "fields": []
    },
    {
      "name": "win32.Win32.Registry.Error",
      "methods": [
        {
          "name": "win32.Win32.Registry.Error.new",
          "parameterTypes": [],
          "returnType": "ANY",
          "baseTypeFullName": [
            "win32.Win32.Registry.Error"
          ]
        }
      ],
      "fields": []
    },
    {
      "name": "win32.Win32.Registry.PredefinedKey",
      "methods": [
        {
          "name": "win32.Win32.Registry.PredefinedKey.new",
          "parameterTypes": [],
          "returnType": "ANY",
          "baseTypeFullName": [
            "win32.Win32.Registry.PredefinedKey"
          ]
        },
        {
          "name": "win32.Win32.Registry.PredefinedKey.class",
          "parameterTypes": [],
          "returnType": "ANY",
          "baseTypeFullName": [
            "win32.Win32.Registry.PredefinedKey"
          ]
        },
        {
          "name": "win32.Win32.Registry.PredefinedKey.close",
          "parameterTypes": [],
          "returnType": "ANY",
          "baseTypeFullName": [
            "win32.Win32.Registry.PredefinedKey"
          ]
        }
      ],
      "fields": []
    }
  ],
  "win32.Win32.SSPI": [
    {
      "name": "win32.Win32.SSPI.API",
      "methods": [],
      "fields": []
    },
    {
      "name": "win32.Win32.SSPI.Identity",
      "methods": [
        {
          "name": "win32.Win32.SSPI.Identity.new",
          "parameterTypes": [],
          "returnType": "ANY",
          "baseTypeFullName": [
            "win32.Win32.SSPI.Identity"
          ]
        },
        {
          "name": "win32.Win32.SSPI.Identity.to_p",
          "parameterTypes": [],
          "returnType": "ANY",
          "baseTypeFullName": [
            "win32.Win32.SSPI.Identity"
          ]
        }
      ],
      "fields": []
    },
    {
      "name": "win32.Win32.SSPI.NegotiateAuth",
      "methods": [
        {
          "name": "win32.Win32.SSPI.NegotiateAuth.new",
          "parameterTypes": [],
          "returnType": "ANY",
          "baseTypeFullName": [
            "win32.Win32.SSPI.NegotiateAuth"
          ]
        },
        {
          "name": "win32.Win32.SSPI.NegotiateAuth.proxy_auth_get",
          "parameterTypes": [],
          "returnType": "ANY",
          "baseTypeFullName": [
            "win32.Win32.SSPI.NegotiateAuth"
          ]
        },
        {
          "name": "win32.Win32.SSPI.NegotiateAuth.complete_authentication",
          "parameterTypes": [],
          "returnType": "ANY",
          "baseTypeFullName": [
            "win32.Win32.SSPI.NegotiateAuth"
          ]
        },
        {
          "name": "win32.Win32.SSPI.NegotiateAuth.get_initial_token",
          "parameterTypes": [],
          "returnType": "ANY",
          "baseTypeFullName": [
            "win32.Win32.SSPI.NegotiateAuth"
          ]
        }
      ],
      "fields": []
    },
    {
      "name": "win32.Win32.SSPI.SSPIResult",
      "methods": [
        {
          "name": "win32.Win32.SSPI.SSPIResult.new",
          "parameterTypes": [],
          "returnType": "ANY",
          "baseTypeFullName": [
            "win32.Win32.SSPI.SSPIResult"
          ]
        },
        {
          "name": "win32.Win32.SSPI.SSPIResult.ok",
          "parameterTypes": [],
          "returnType": "ANY",
          "baseTypeFullName": [
            "win32.Win32.SSPI.SSPIResult"
          ]
        },
        {
          "name": "win32.Win32.SSPI.SSPIResult.to_s",
          "parameterTypes": [],
          "returnType": "ANY",
          "baseTypeFullName": [
            "win32.Win32.SSPI.SSPIResult"
          ]
        }
      ],
      "fields": []
    },
    {
      "name": "win32.Win32.SSPI.SecurityBuffer",
      "methods": [
        {
          "name": "win32.Win32.SSPI.SecurityBuffer.new",
          "parameterTypes": [],
          "returnType": "ANY",
          "baseTypeFullName": [
            "win32.Win32.SSPI.SecurityBuffer"
          ]
        },
        {
          "name": "win32.Win32.SSPI.SecurityBuffer.bufferSize",
          "parameterTypes": [],
          "returnType": "ANY",
          "baseTypeFullName": [
            "win32.Win32.SSPI.SecurityBuffer"
          ]
        },
        {
          "name": "win32.Win32.SSPI.SecurityBuffer.bufferType",
          "parameterTypes": [],
          "returnType": "ANY",
          "baseTypeFullName": [
            "win32.Win32.SSPI.SecurityBuffer"
          ]
        },
        {
          "name": "win32.Win32.SSPI.SecurityBuffer.to_p",
          "parameterTypes": [],
          "returnType": "ANY",
          "baseTypeFullName": [
            "win32.Win32.SSPI.SecurityBuffer"
          ]
        },
        {
          "name": "win32.Win32.SSPI.SecurityBuffer.token",
          "parameterTypes": [],
          "returnType": "ANY",
          "baseTypeFullName": [
            "win32.Win32.SSPI.SecurityBuffer"
          ]
        }
      ],
      "fields": []
    },
    {
      "name": "win32.Win32.SSPI.SecurityHandle",
      "methods": [
        {
          "name": "win32.Win32.SSPI.SecurityHandle.lower",
          "parameterTypes": [],
          "returnType": "ANY",
          "baseTypeFullName": [
            "win32.Win32.SSPI.SecurityHandle"
          ]
        },
        {
          "name": "win32.Win32.SSPI.SecurityHandle.to_p",
          "parameterTypes": [],
          "returnType": "ANY",
          "baseTypeFullName": [
            "win32.Win32.SSPI.SecurityHandle"
          ]
        },
        {
          "name": "win32.Win32.SSPI.SecurityHandle.upper",
          "parameterTypes": [],
          "returnType": "ANY",
          "baseTypeFullName": [
            "win32.Win32.SSPI.SecurityHandle"
          ]
        }
      ],
      "fields": []
    },
    {
      "name": "win32.Win32.SSPI.TimeStamp",
      "methods": [
        {
          "name": "win32.Win32.SSPI.TimeStamp.to_p",
          "parameterTypes": [],
          "returnType": "ANY",
          "baseTypeFullName": [
            "win32.Win32.SSPI.TimeStamp"
          ]
        }
      ],
      "fields": []
    }
  ],
  "win32.Win32": [
    {
      "name": "win32.Win32.Registry",
      "methods": [
        {
          "name": "win32.Win32.Registry.create",
          "parameterTypes": [],
          "returnType": "ANY",
          "baseTypeFullName": [
            "win32.Win32.Registry"
          ]
        },
        {
          "name": "win32.Win32.Registry.expand_environ",
          "parameterTypes": [],
          "returnType": "ANY",
          "baseTypeFullName": [
            "win32.Win32.Registry"
          ]
        },
        {
          "name": "win32.Win32.Registry.new",
          "parameterTypes": [],
          "returnType": "ANY",
          "baseTypeFullName": [
            "win32.Win32.Registry"
          ]
        },
        {
          "name": "win32.Win32.Registry.open",
          "parameterTypes": [],
          "returnType": "ANY",
          "baseTypeFullName": [
            "win32.Win32.Registry"
          ]
        },
        {
          "name": "win32.Win32.Registry.time2wtime",
          "parameterTypes": [],
          "returnType": "ANY",
          "baseTypeFullName": [
            "win32.Win32.Registry"
          ]
        },
        {
          "name": "win32.Win32.Registry.type2name",
          "parameterTypes": [],
          "returnType": "ANY",
          "baseTypeFullName": [
            "win32.Win32.Registry"
          ]
        },
        {
          "name": "win32.Win32.Registry.wtime2time",
          "parameterTypes": [],
          "returnType": "ANY",
          "baseTypeFullName": [
            "win32.Win32.Registry"
          ]
        },
        {
          "name": "win32.Win32.Registry.[]",
          "parameterTypes": [],
          "returnType": "ANY",
          "baseTypeFullName": [
            "win32.Win32.Registry"
          ]
        },
        {
          "name": "win32.Win32.Registry._dump",
          "parameterTypes": [],
          "returnType": "ANY",
          "baseTypeFullName": [
            "win32.Win32.Registry"
          ]
        },
        {
          "name": "win32.Win32.Registry.close",
          "parameterTypes": [],
          "returnType": "ANY",
          "baseTypeFullName": [
            "win32.Win32.Registry"
          ]
        },
        {
          "name": "win32.Win32.Registry.created",
          "parameterTypes": [],
          "returnType": "ANY",
          "baseTypeFullName": [
            "win32.Win32.Registry"
          ]
        },
        {
          "name": "win32.Win32.Registry.delete",
          "parameterTypes": [],
          "returnType": "ANY",
          "baseTypeFullName": [
            "win32.Win32.Registry"
          ]
        },
        {
          "name": "win32.Win32.Registry.delete_key",
          "parameterTypes": [],
          "returnType": "ANY",
          "baseTypeFullName": [
            "win32.Win32.Registry"
          ]
        },
        {
          "name": "win32.Win32.Registry.delete_value",
          "parameterTypes": [],
          "returnType": "ANY",
          "baseTypeFullName": [
            "win32.Win32.Registry"
          ]
        },
        {
          "name": "win32.Win32.Registry.each",
          "parameterTypes": [],
          "returnType": "ANY",
          "baseTypeFullName": [
            "win32.Win32.Registry"
          ]
        },
        {
          "name": "win32.Win32.Registry.each_key",
          "parameterTypes": [],
          "returnType": "ANY",
          "baseTypeFullName": [
            "win32.Win32.Registry"
          ]
        },
        {
          "name": "win32.Win32.Registry.each_value",
          "parameterTypes": [],
          "returnType": "ANY",
          "baseTypeFullName": [
            "win32.Win32.Registry"
          ]
        },
        {
          "name": "win32.Win32.Registry.flush",
          "parameterTypes": [],
          "returnType": "ANY",
          "baseTypeFullName": [
            "win32.Win32.Registry"
          ]
        },
        {
          "name": "win32.Win32.Registry.info",
          "parameterTypes": [],
          "returnType": "ANY",
          "baseTypeFullName": [
            "win32.Win32.Registry"
          ]
        },
        {
          "name": "win32.Win32.Registry.inspect",
          "parameterTypes": [],
          "returnType": "ANY",
          "baseTypeFullName": [
            "win32.Win32.Registry"
          ]
        },
        {
          "name": "win32.Win32.Registry.keys",
          "parameterTypes": [],
          "returnType": "ANY",
          "baseTypeFullName": [
            "win32.Win32.Registry"
          ]
        },
        {
          "name": "win32.Win32.Registry.name",
          "parameterTypes": [],
          "returnType": "ANY",
          "baseTypeFullName": [
            "win32.Win32.Registry"
          ]
        },
        {
          "name": "win32.Win32.Registry.read",
          "parameterTypes": [],
          "returnType": "ANY",
          "baseTypeFullName": [
            "win32.Win32.Registry"
          ]
        },
        {
          "name": "win32.Win32.Registry.read_bin",
          "parameterTypes": [],
          "returnType": "ANY",
          "baseTypeFullName": [
            "win32.Win32.Registry"
          ]
        },
        {
          "name": "win32.Win32.Registry.read_i",
          "parameterTypes": [],
          "returnType": "ANY",
          "baseTypeFullName": [
            "win32.Win32.Registry"
          ]
        },
        {
          "name": "win32.Win32.Registry.read_s",
          "parameterTypes": [],
          "returnType": "ANY",
          "baseTypeFullName": [
            "win32.Win32.Registry"
          ]
        },
        {
          "name": "win32.Win32.Registry.read_s_expand",
          "parameterTypes": [],
          "returnType": "ANY",
          "baseTypeFullName": [
            "win32.Win32.Registry"
          ]
        },
        {
          "name": "win32.Win32.Registry.values",
          "parameterTypes": [],
          "returnType": "ANY",
          "baseTypeFullName": [
            "win32.Win32.Registry"
          ]
        },
        {
          "name": "win32.Win32.Registry.write",
          "parameterTypes": [],
          "returnType": "ANY",
          "baseTypeFullName": [
            "win32.Win32.Registry"
          ]
        },
        {
          "name": "win32.Win32.Registry.write_bin",
          "parameterTypes": [],
          "returnType": "ANY",
          "baseTypeFullName": [
            "win32.Win32.Registry"
          ]
        },
        {
          "name": "win32.Win32.Registry.write_i",
          "parameterTypes": [],
          "returnType": "ANY",
          "baseTypeFullName": [
            "win32.Win32.Registry"
          ]
        },
        {
          "name": "win32.Win32.Registry.write_s",
          "parameterTypes": [],
          "returnType": "ANY",
          "baseTypeFullName": [
            "win32.Win32.Registry"
          ]
        }
      ],
      "fields": []
    },
    {
      "name": "win32.Win32.SSPI",
      "methods": [],
      "fields": []
    }
  ]
}