{
  "yaml.YAML": [
    {
      "name": "yaml.YAML.DBM",
      "methods": [
        {
          "name": "yaml.YAML.DBM.ydbm[key]",
          "parameterTypes": [],
          "returnType": "ANY",
          "baseTypeFullName": [
            "yaml.YAML.DBM"
          ]
        },
        {
          "name": "yaml.YAML.DBM.delete",
          "parameterTypes": [],
          "returnType": "ANY",
          "baseTypeFullName": [
            "yaml.YAML.DBM"
          ]
        },
        {
          "name": "yaml.YAML.DBM.delete_if",
          "parameterTypes": [],
          "returnType": "ANY",
          "baseTypeFullName": [
            "yaml.YAML.DBM"
          ]
        },
        {
          "name": "yaml.YAML.DBM.each",
          "parameterTypes": [],
          "returnType": "ANY",
          "baseTypeFullName": [
            "yaml.YAML.DBM"
          ]
        },
        {
          "name": "yaml.YAML.DBM.each_pair",
          "parameterTypes": [],
          "returnType": "ANY",
          "baseTypeFullName": [
            "yaml.YAML.DBM"
          ]
        },
        {
          "name": "yaml.YAML.DBM.each_value",
          "parameterTypes": [],
          "returnType": "ANY",
          "baseTypeFullName": [
            "yaml.YAML.DBM"
          ]
        },
        {
          "name": "yaml.YAML.DBM.fetch",
          "parameterTypes": [],
          "returnType": "ANY",
          "baseTypeFullName": [
            "yaml.YAML.DBM"
          ]
        },
        {
          "name": "yaml.YAML.DBM.has_value",
          "parameterTypes": [],
          "returnType": "ANY",
          "baseTypeFullName": [
            "yaml.YAML.DBM"
          ]
        },
        {
          "name": "yaml.YAML.DBM.index",
          "parameterTypes": [],
          "returnType": "ANY",
          "baseTypeFullName": [
            "yaml.YAML.DBM"
          ]
        },
        {
          "name": "yaml.YAML.DBM.invert",
          "parameterTypes": [],
          "returnType": "ANY",
          "baseTypeFullName": [
            "yaml.YAML.DBM"
          ]
        },
        {
          "name": "yaml.YAML.DBM.key",
          "parameterTypes": [],
          "returnType": "ANY",
          "baseTypeFullName": [
            "yaml.YAML.DBM"
          ]
        },
        {
          "name": "yaml.YAML.DBM.reject",
          "parameterTypes": [],
          "returnType": "ANY",
          "baseTypeFullName": [
            "yaml.YAML.DBM"
          ]
        },
        {
          "name": "yaml.YAML.DBM.replace",
          "parameterTypes": [],
          "returnType": "ANY",
          "baseTypeFullName": [
            "yaml.YAML.DBM"
          ]
        },
        {
          "name": "yaml.YAML.DBM.select",
          "parameterTypes": [],
          "returnType": "ANY",
          "baseTypeFullName": [
            "yaml.YAML.DBM"
          ]
        },
        {
          "name": "yaml.YAML.DBM.shift",
          "parameterTypes": [],
          "returnType": "ANY",
          "baseTypeFullName": [
            "yaml.YAML.DBM"
          ]
        },
        {
          "name": "yaml.YAML.DBM.store",
          "parameterTypes": [],
          "returnType": "ANY",
          "baseTypeFullName": [
            "yaml.YAML.DBM"
          ]
        },
        {
          "name": "yaml.YAML.DBM.to_a",
          "parameterTypes": [],
          "returnType": "ANY",
          "baseTypeFullName": [
            "yaml.YAML.DBM"
          ]
        },
        {
          "name": "yaml.YAML.DBM.to_hash",
          "parameterTypes": [],
          "returnType": "ANY",
          "baseTypeFullName": [
            "yaml.YAML.DBM"
          ]
        },
        {
          "name": "yaml.YAML.DBM.update",
          "parameterTypes": [],
          "returnType": "ANY",
          "baseTypeFullName": [
            "yaml.YAML.DBM"
          ]
        },
        {
          "name": "yaml.YAML.DBM.values",
          "parameterTypes": [],
          "returnType": "ANY",
          "baseTypeFullName": [
            "yaml.YAML.DBM"
          ]
        },
        {
          "name": "yaml.YAML.DBM.values_at",
          "parameterTypes": [],
          "returnType": "ANY",
          "baseTypeFullName": [
            "yaml.YAML.DBM"
          ]
        }
      ],
      "fields": []
    },
    {
      "name": "yaml.YAML.Store",
      "methods": [
        {
          "name": "yaml.YAML.Store.initialize",
          "parameterTypes": [],
          "returnType": "ANY",
          "baseTypeFullName": [
            "yaml.YAML.Store"
          ]
        }
      ],
      "fields": []
    }
  ],
  "yaml": [
    {
      "name": "yaml.Object",
      "methods": [],
      "fields": []
    },
    {
      "name": "yaml.YAML",
      "methods": [],
      "fields": []
    }
  ]
}